record_id,unit_expression,status,proposed_unit_uri,quantity_kind_uris,dimension_vector_uri,local_evidence,published_evidence,reference_unit_uri,conversion_value,conversion_equation,conversion_exact,conversion_source,qk_rationale,qk_relation,dv_rationale,description_sources,description_rationale,semantic_hypotheses,confidence,issues,recommendation
unit-0001,KiloM-PER-KiloM2,ready-for-review,http://qudt.org/vocab/unit/KiloM-PER-KiloM2,http://qudt.org/vocab/quantitykind/InverseLength,http://qudt.org/vocab/dimensionvector/A0E0L-1I0M0H0T0D0,"QUDT 6b8df6f4 aggregate graph query 2026-09-07: exact Unit URI absent; every factor Unit, quantitykind:InverseLength, and qkdv:A0E0L-1I0M0H0T0D0 exists.",Live QUDT SPARQL 2026-09-07: exact Unit URI absent; reused QuantityKind and DimensionVector URIs verified. Expression identity is preserved rather than replaced by an algebraic equivalent.,http://qudt.org/vocab/unit/PER-M,multiplier=0.001; offset=0,KiloM^1=1000.0^1 × KiloM^-2=1000.0^-2; product = 0.001 reciprocal metre,true,https://www.bipm.org/en/publications/si-brochure/|https://www.nist.gov/pml/special-publication-811|current QUDT constituent multipliers at 6b8df6f429c45bc6fb0b25659d34f51954a148f9,The preserved area/volume or length/area factorization reduces to inverse length; InverseLength is the current generic commensurate QUDT kind.,unitForQuantityKind,Vector composition KiloM^1 (A0E0L1I0M0H0T0D0) + KiloM^-2 (A0E0L1I0M0H0T0D0) = A0E0L-1I0M0H0T0D0; the vector exists locally and in published QUDT.,https://www.bipm.org/en/publications/si-brochure/|https://www.nist.gov/pml/special-publication-811/nist-guide-si-appendix-b8|current QUDT factor Units and quantitykind:InverseLength,"The synthesized description states only the factor expression, generic measurable kind, and conversion; it asserts no dataset-specific or ecological use.",Selected the generic or expression-specific current QUDT kind InverseLength; more specialized same-vector meanings were excluded because no source-variable context was supplied.,high,Exact qname is absent locally and published; human review should confirm label and symbol before submission.,Review as a new expression-preserving Unit reusing quantitykind:InverseLength and qkdv:A0E0L-1I0M0H0T0D0.
unit-0002,M2-PER-M3,ready-for-review,http://qudt.org/vocab/unit/M2-PER-M3,http://qudt.org/vocab/quantitykind/InverseLength,http://qudt.org/vocab/dimensionvector/A0E0L-1I0M0H0T0D0,"QUDT 6b8df6f4 aggregate graph query 2026-09-07: exact Unit URI absent; every factor Unit, quantitykind:InverseLength, and qkdv:A0E0L-1I0M0H0T0D0 exists.",Live QUDT SPARQL 2026-09-07: exact Unit URI absent; reused QuantityKind and DimensionVector URIs verified. Expression identity is preserved rather than replaced by an algebraic equivalent.,http://qudt.org/vocab/unit/PER-M,multiplier=1.0; offset=0,M^2=1.0^2 × M^-3=1.0^-3; product = 1.0 reciprocal metre,true,https://www.bipm.org/en/publications/si-brochure/|https://www.nist.gov/pml/special-publication-811|current QUDT constituent multipliers at 6b8df6f429c45bc6fb0b25659d34f51954a148f9,The preserved area/volume or length/area factorization reduces to inverse length; InverseLength is the current generic commensurate QUDT kind.,unitForQuantityKind,Vector composition M^2 (A0E0L1I0M0H0T0D0) + M^-3 (A0E0L1I0M0H0T0D0) = A0E0L-1I0M0H0T0D0; the vector exists locally and in published QUDT.,https://www.bipm.org/en/publications/si-brochure/|https://www.nist.gov/pml/special-publication-811/nist-guide-si-appendix-b8|current QUDT factor Units and quantitykind:InverseLength,"The synthesized description states only the factor expression, generic measurable kind, and conversion; it asserts no dataset-specific or ecological use.",Selected the generic or expression-specific current QUDT kind InverseLength; more specialized same-vector meanings were excluded because no source-variable context was supplied.,high,Exact qname is absent locally and published; human review should confirm label and symbol before submission.,Review as a new expression-preserving Unit reusing quantitykind:InverseLength and qkdv:A0E0L-1I0M0H0T0D0.
unit-0003,KiloJ-PER-M2,ready-for-review,http://qudt.org/vocab/unit/KiloJ-PER-M2,http://qudt.org/vocab/quantitykind/EnergyFluence|http://qudt.org/vocab/quantitykind/EnergyPerArea|http://qudt.org/vocab/quantitykind/RadiantFluence|http://qudt.org/vocab/quantitykind/StrainEnergyReleaseRate,http://qudt.org/vocab/dimensionvector/A0E0L0I0M1H0T-2D0,"QUDT 6b8df6f4 aggregate graph query 2026-09-07: exact Unit URI absent; every factor Unit, all four reused QuantityKinds, and qkdv:A0E0L0I0M1H0T-2D0 exist. J-PER-M2, GigaJ-PER-M2, and MilliJ-PER-M2 use all four QuantityKinds; MegaJ-PER-M2 uses only EnergyPerArea and StrainEnergyReleaseRate.",Live QUDT SPARQL 2026-09-07: exact Unit URI absent; all four reused QuantityKind and DimensionVector URIs verified. Expression identity is preserved rather than replaced by an algebraic equivalent.,http://qudt.org/vocab/unit/J-PER-M2,multiplier=1000.0; offset=0,KiloJ^1=1000.0^1 × M^-2=1.0^-2; product = 1000.0 joule per square metre,true,https://www.bipm.org/en/publications/si-brochure/|https://www.nist.gov/pml/special-publication-811|current QUDT constituent multipliers at 6b8df6f429c45bc6fb0b25659d34f51954a148f9,"EnergyPerArea is the generic kind. EnergyFluence, RadiantFluence, and StrainEnergyReleaseRate are specializations used by the base, giga-, and milli-joule-per-square-metre precedents. Prefix scale does not change physical applicability; the two-kind MegaJ-PER-M2 assignment is treated as incomplete curation.",unitForQuantityKind,Vector composition KiloJ^1 (A0E0L2I0M1H0T-2D0) + M^-2 (A0E0L1I0M0H0T0D0) = A0E0L0I0M1H0T-2D0; the vector exists locally and in published QUDT.,https://www.bipm.org/en/publications/si-brochure/|https://www.nist.gov/pml/special-publication-811/nist-guide-si-appendix-b8|current QUDT factor Units and four same-expression-family precedents,"The synthesized description states only the factor expression, generic measurable kind, and conversion; it asserts no dataset-specific or ecological use.","Selected EnergyPerArea and its EnergyFluence, RadiantFluence, and StrainEnergyReleaseRate specializations to match J-PER-M2, GigaJ-PER-M2, and MilliJ-PER-M2. The user explicitly approved retaining all four after reviewing the inconsistent MegaJ-PER-M2 precedent.",high,Exact qname is absent locally and published; human review should confirm label and symbol before submission.,Review as a new expression-preserving Unit reusing the four approved QuantityKinds and qkdv:A0E0L0I0M1H0T-2D0.
unit-0004,W-HR-PER-M2,existing-unit,http://qudt.org/vocab/unit/W-HR-PER-M2,http://qudt.org/vocab/quantitykind/EnergyPerArea,http://qudt.org/vocab/dimensionvector/A0E0L0I0M1H0T-2D0,QUDT 6b8df6f4 aggregate graph contains unit:W-HR-PER-M2. The exact submitted URI and expression are present.,Live QUDT SPARQL 2026-09-07 returns unit:W-HR-PER-M2. The exact submitted URI is published.,http://qudt.org/vocab/unit/J-PER-M2,multiplier=3600.0; offset=0,1 W × 3600 s / 1 m² = 3600 J/m²,true,Current local and published QUDT resource unit:W-HR-PER-M2|https://www.bipm.org/en/publications/si-brochure/|https://www.nist.gov/pml/special-publication-811/nist-guide-si-appendix-b8,Existing current QUDT assignment retained; this review does not remodel an existing resource.,unitForQuantityKind,Existing current QUDT resource declares qkdv:A0E0L0I0M1H0T-2D0; local and published values agree.,Current local and published QUDT resource unit:W-HR-PER-M2,No new description is drafted for an existing canonical resource.,Existing-resource identity controls disposition; no new semantic assertion is made.,high,None; exact submitted resource exists locally and in the published graph.,Reuse unit:W-HR-PER-M2; do not emit a duplicate Unit.
unit-0005,KiloJ-PER-M2-DAY,ready-for-review,http://qudt.org/vocab/unit/KiloJ-PER-M2-DAY,http://qudt.org/vocab/quantitykind/PowerPerArea,http://qudt.org/vocab/dimensionvector/A0E0L0I0M1H0T-3D0,"QUDT 6b8df6f4 aggregate graph query 2026-09-07: exact Unit URI absent; every factor Unit, quantitykind:PowerPerArea, and qkdv:A0E0L0I0M1H0T-3D0 exists.",Live QUDT SPARQL 2026-09-07: exact Unit URI absent; reused QuantityKind and DimensionVector URIs verified. Expression identity is preserved rather than replaced by an algebraic equivalent.,http://qudt.org/vocab/unit/W-PER-M2,multiplier=0.011574074074074074074074074074074074074074074074074; offset=0,KiloJ^1=1000.0^1 × M^-2=1.0^-2 × DAY^-1=86400.0^-1; product = 0.011574074074074074074074074074074074074074074074074 watt per square metre,true,https://www.bipm.org/en/publications/si-brochure/|https://www.nist.gov/pml/special-publication-811|current QUDT constituent multipliers at 6b8df6f429c45bc6fb0b25659d34f51954a148f9,Energy divided by area and time is power per area; the generic QUDT kind avoids assuming heat or radiant transfer.,unitForQuantityKind,Vector composition KiloJ^1 (A0E0L2I0M1H0T-2D0) + M^-2 (A0E0L1I0M0H0T0D0) + DAY^-1 (A0E0L0I0M0H0T1D0) = A0E0L0I0M1H0T-3D0; the vector exists locally and in published QUDT.,https://www.bipm.org/en/publications/si-brochure/|https://www.nist.gov/pml/special-publication-811/nist-guide-si-appendix-b8|current QUDT factor Units and quantitykind:PowerPerArea,"The synthesized description states only the factor expression, generic measurable kind, and conversion; it asserts no dataset-specific or ecological use.",Selected the generic or expression-specific current QUDT kind PowerPerArea; more specialized same-vector meanings were excluded because no source-variable context was supplied.,high,Exact qname is absent locally and published; human review should confirm label and symbol before submission.,Review as a new expression-preserving Unit reusing quantitykind:PowerPerArea and qkdv:A0E0L0I0M1H0T-3D0.
unit-0006,MegaJ-PER-M2-YR,ready-for-review,http://qudt.org/vocab/unit/MegaJ-PER-M2-YR,http://qudt.org/vocab/quantitykind/PowerPerArea,http://qudt.org/vocab/dimensionvector/A0E0L0I0M1H0T-3D0,"QUDT 6b8df6f4 aggregate graph query 2026-09-07: exact Unit URI absent; every factor Unit, quantitykind:PowerPerArea, and qkdv:A0E0L0I0M1H0T-3D0 exists.",Live QUDT SPARQL 2026-09-07: exact Unit URI absent; reused QuantityKind and DimensionVector URIs verified. Expression identity is preserved rather than replaced by an algebraic equivalent.,http://qudt.org/vocab/unit/W-PER-M2,multiplier=0.031688087814028950237026896848936547772961188430045; offset=0,MegaJ^1=1000000.0^1 × M^-2=1.0^-2 × YR^-1=31557600.0^-1; product = 0.031688087814028950237026896848936547772961188430045 watt per square metre,true,https://www.bipm.org/en/publications/si-brochure/|https://www.nist.gov/pml/special-publication-811|current QUDT constituent multipliers at 6b8df6f429c45bc6fb0b25659d34f51954a148f9,Energy divided by area and time is power per area; the generic QUDT kind avoids assuming heat or radiant transfer.,unitForQuantityKind,Vector composition MegaJ^1 (A0E0L2I0M1H0T-2D0) + M^-2 (A0E0L1I0M0H0T0D0) + YR^-1 (A0E0L0I0M0H0T1D0) = A0E0L0I0M1H0T-3D0; the vector exists locally and in published QUDT.,https://www.bipm.org/en/publications/si-brochure/|https://www.nist.gov/pml/special-publication-811/nist-guide-si-appendix-b8|current QUDT factor Units and quantitykind:PowerPerArea,"The synthesized description states only the factor expression, generic measurable kind, and conversion; it asserts no dataset-specific or ecological use.",Selected the generic or expression-specific current QUDT kind PowerPerArea; more specialized same-vector meanings were excluded because no source-variable context was supplied.,high,Exact qname is absent locally and published; human review should confirm label and symbol before submission.,Review as a new expression-preserving Unit reusing quantitykind:PowerPerArea and qkdv:A0E0L0I0M1H0T-3D0.
unit-0007,MicroMOL-PER-L-DAY,ready-for-review,http://qudt.org/vocab/unit/MicroMOL-PER-L-DAY,http://qudt.org/vocab/quantitykind/CatalyticActivityConcentration,http://qudt.org/vocab/dimensionvector/A1E0L-3I0M0H0T-1D0,"QUDT 6b8df6f4 aggregate graph query 2026-09-07: exact Unit URI absent; every factor Unit, quantitykind:CatalyticActivityConcentration, and qkdv:A1E0L-3I0M0H0T-1D0 exists.",Live QUDT SPARQL 2026-09-07: exact Unit URI absent; reused QuantityKind and DimensionVector URIs verified. Expression identity is preserved rather than replaced by an algebraic equivalent.,http://qudt.org/vocab/unit/MOL-PER-M3-SEC,multiplier=0.000000011574074074074074074074074074074074074074074074074; offset=0,MicroMOL^1=0.000001^1 × L^-1=0.001^-1 × DAY^-1=86400.0^-1; product = 0.000000011574074074074074074074074074074074074074074074074 mole per cubic metre second,true,https://www.bipm.org/en/publications/si-brochure/|https://www.nist.gov/pml/special-publication-811|current QUDT constituent multipliers at 6b8df6f429c45bc6fb0b25659d34f51954a148f9,Current QUDT assigns MOL-PER-M3-SEC and scaled amount-per-volume-time analogs to CatalyticActivityConcentration.,unitForQuantityKind,Vector composition MicroMOL^1 (A1E0L0I0M0H0T0D0) + L^-1 (A0E0L3I0M0H0T0D0) + DAY^-1 (A0E0L0I0M0H0T1D0) = A1E0L-3I0M0H0T-1D0; the vector exists locally and in published QUDT.,https://www.bipm.org/en/publications/si-brochure/|https://www.nist.gov/pml/special-publication-811/nist-guide-si-appendix-b8|current QUDT factor Units and quantitykind:CatalyticActivityConcentration,"The synthesized description states only the factor expression, generic measurable kind, and conversion; it asserts no dataset-specific or ecological use.",Selected the generic or expression-specific current QUDT kind CatalyticActivityConcentration; more specialized same-vector meanings were excluded because no source-variable context was supplied.,high,Exact qname is absent locally and published; human review should confirm label and symbol before submission.,Review as a new expression-preserving Unit reusing quantitykind:CatalyticActivityConcentration and qkdv:A1E0L-3I0M0H0T-1D0.
unit-0008,GM-PER-YR,ready-for-review,http://qudt.org/vocab/unit/GM-PER-YR,http://qudt.org/vocab/quantitykind/MassPerTime,http://qudt.org/vocab/dimensionvector/A0E0L0I0M1H0T-1D0,"QUDT 6b8df6f4 aggregate graph query 2026-09-07: exact Unit URI absent; every factor Unit, quantitykind:MassPerTime, and qkdv:A0E0L0I0M1H0T-1D0 exists.",Live QUDT SPARQL 2026-09-07: exact Unit URI absent; reused QuantityKind and DimensionVector URIs verified. Expression identity is preserved rather than replaced by an algebraic equivalent.,http://qudt.org/vocab/unit/KiloGM-PER-SEC,multiplier=0.000000000031688087814028950237026896848936547772961188430045; offset=0,GM^1=0.001^1 × YR^-1=31557600.0^-1; product = 0.000000000031688087814028950237026896848936547772961188430045 kilogram per second,true,https://www.bipm.org/en/publications/si-brochure/|https://www.nist.gov/pml/special-publication-811|current QUDT constituent multipliers at 6b8df6f429c45bc6fb0b25659d34f51954a148f9,"The expression is mass divided by time, matching the current generic MassPerTime kind.",unitForQuantityKind,Vector composition GM^1 (A0E0L0I0M1H0T0D0) + YR^-1 (A0E0L0I0M0H0T1D0) = A0E0L0I0M1H0T-1D0; the vector exists locally and in published QUDT.,https://www.bipm.org/en/publications/si-brochure/|https://www.nist.gov/pml/special-publication-811/nist-guide-si-appendix-b8|current QUDT factor Units and quantitykind:MassPerTime,"The synthesized description states only the factor expression, generic measurable kind, and conversion; it asserts no dataset-specific or ecological use.",Selected the generic or expression-specific current QUDT kind MassPerTime; more specialized same-vector meanings were excluded because no source-variable context was supplied.,high,Exact qname is absent locally and published; human review should confirm label and symbol before submission.,Review as a new expression-preserving Unit reusing quantitykind:MassPerTime and qkdv:A0E0L0I0M1H0T-1D0.
unit-0009,M2-PER-DAY,ready-for-review,http://qudt.org/vocab/unit/M2-PER-DAY,http://qudt.org/vocab/quantitykind/AreaPerTime,http://qudt.org/vocab/dimensionvector/A0E0L2I0M0H0T-1D0,"QUDT 6b8df6f4 aggregate graph query 2026-09-07: exact Unit URI absent; every factor Unit, quantitykind:AreaPerTime, and qkdv:A0E0L2I0M0H0T-1D0 exists.",Live QUDT SPARQL 2026-09-07: exact Unit URI absent; reused QuantityKind and DimensionVector URIs verified. Expression identity is preserved rather than replaced by an algebraic equivalent.,http://qudt.org/vocab/unit/M2-PER-SEC,multiplier=0.000011574074074074074074074074074074074074074074074074; offset=0,M^2=1.0^2 × DAY^-1=86400.0^-1; product = 0.000011574074074074074074074074074074074074074074074074 square metre per second,true,https://www.bipm.org/en/publications/si-brochure/|https://www.nist.gov/pml/special-publication-811|current QUDT constituent multipliers at 6b8df6f429c45bc6fb0b25659d34f51954a148f9,"The expression is area divided by time, matching the current generic AreaPerTime kind.",unitForQuantityKind,Vector composition M^2 (A0E0L1I0M0H0T0D0) + DAY^-1 (A0E0L0I0M0H0T1D0) = A0E0L2I0M0H0T-1D0; the vector exists locally and in published QUDT.,https://www.bipm.org/en/publications/si-brochure/|https://www.nist.gov/pml/special-publication-811/nist-guide-si-appendix-b8|current QUDT factor Units and quantitykind:AreaPerTime,"The synthesized description states only the factor expression, generic measurable kind, and conversion; it asserts no dataset-specific or ecological use.",Selected the generic or expression-specific current QUDT kind AreaPerTime; more specialized same-vector meanings were excluded because no source-variable context was supplied.,high,Exact qname is absent locally and published; human review should confirm label and symbol before submission.,Review as a new expression-preserving Unit reusing quantitykind:AreaPerTime and qkdv:A0E0L2I0M0H0T-1D0.
unit-0010,KiloM3,ready-for-review,http://qudt.org/vocab/unit/KiloM3,http://qudt.org/vocab/quantitykind/Volume,http://qudt.org/vocab/dimensionvector/A0E0L3I0M0H0T0D0,"QUDT 6b8df6f4 aggregate graph query 2026-09-07: exact Unit URI absent; every factor Unit, quantitykind:Volume, and qkdv:A0E0L3I0M0H0T0D0 exists.",Live QUDT SPARQL 2026-09-07: exact Unit URI absent; reused QuantityKind and DimensionVector URIs verified. Expression identity is preserved rather than replaced by an algebraic equivalent.,http://qudt.org/vocab/unit/M3,multiplier=1000000000.0; offset=0,KiloM^3=1000.0^3; product = 1000000000.0 cubic metre,true,https://www.bipm.org/en/publications/si-brochure/|https://www.nist.gov/pml/special-publication-811|current QUDT constituent multipliers at 6b8df6f429c45bc6fb0b25659d34f51954a148f9,The powered length expression is a volume and matches the current Volume kind.,unitForQuantityKind,Vector composition KiloM^3 (A0E0L1I0M0H0T0D0) = A0E0L3I0M0H0T0D0; the vector exists locally and in published QUDT.,https://www.bipm.org/en/publications/si-brochure/|https://www.nist.gov/pml/special-publication-811/nist-guide-si-appendix-b8|current QUDT factor Units and quantitykind:Volume,"The synthesized description states only the factor expression, generic measurable kind, and conversion; it asserts no dataset-specific or ecological use.",Selected the generic or expression-specific current QUDT kind Volume; more specialized same-vector meanings were excluded because no source-variable context was supplied.,high,Exact qname is absent locally and published; human review should confirm label and symbol before submission.,Review as a new expression-preserving Unit reusing quantitykind:Volume and qkdv:A0E0L3I0M0H0T0D0.
unit-0011,GM-PER-NUM,needs-clarification,,,http://qudt.org/vocab/dimensionvector/A0E0L0I0M1H0T0D0,QUDT 6b8df6f4 aggregate graph query 2026-09-07: exact Unit URI absent; constituent Units and qkdv:A0E0L0I0M1H0T0D0 verified.,Live QUDT SPARQL 2026-09-07: exact Unit URI absent. No published semantic evidence resolves the missing measurement context.,http://qudt.org/vocab/unit/KiloGM,multiplier=0.001 to kilogram; offset=0,GM^1=0.001^1 × NUM^-1=1.0^-1; product = 0.001 kilogram,true,https://www.bipm.org/en/publications/si-brochure/|current QUDT constituent multipliers at 6b8df6f429c45bc6fb0b25659d34f51954a148f9,No QuantityKind is asserted because the submitted expression and current QUDT do not distinguish the competing measurement meanings.,,Vector composition GM^1 (A0E0L0I0M1H0T0D0) + NUM^-1 (A0E0L0I0M0H0T0D1) = A0E0L0I0M1H0T0D0; the vector exists locally and in published QUDT.,Current QUDT factor and same-vector QuantityKind inventory|https://github.com/qudt/qudt-public-repo/wiki/Unit-Vocabulary-Submission-Guidelines,No Unit description or RDF is drafted until the semantic or conversion ambiguity is resolved.,"Count, number of particles, population, count density, and event-rate interpretations were considered; none can be selected from the expression alone.",low,"NUM does not identify what is counted or whether the denominator is a sample, organism, event, or replicate; Count, NumberOfParticles, Population, density, and rate interpretations remain possible.","Confirm the source variable, measured numerator, denominator basis, and intended QuantityKind before drafting RDF."
unit-0012,GigaGM,ready-for-review,http://qudt.org/vocab/unit/GigaGM,http://qudt.org/vocab/quantitykind/Mass,http://qudt.org/vocab/dimensionvector/A0E0L0I0M1H0T0D0,"QUDT 6b8df6f4 aggregate graph query 2026-09-07: exact Unit URI absent; every factor Unit, quantitykind:Mass, and qkdv:A0E0L0I0M1H0T0D0 exists.",Live QUDT SPARQL 2026-09-07: exact Unit URI absent; reused QuantityKind and DimensionVector URIs verified. Expression identity is preserved rather than replaced by an algebraic equivalent.,http://qudt.org/vocab/unit/KiloGM,multiplier=1000000.0; offset=0,10^9 g × 0.001 kg/g = 1000000 kg,true,https://www.bipm.org/en/publications/si-brochure/|https://www.nist.gov/pml/special-publication-811|current QUDT constituent multipliers at 6b8df6f429c45bc6fb0b25659d34f51954a148f9,The SI-prefixed gram expression is a mass and matches the current Mass kind.,unitForQuantityKind,"Giga prefix (10^9) changes scale but not the gram vector; result A0E0L0I0M1H0T0D0, verified locally and published.",https://www.bipm.org/en/publications/si-brochure/|https://www.nist.gov/pml/special-publication-811/nist-guide-si-appendix-b8|current QUDT factor Units and quantitykind:Mass,"The synthesized description states only the factor expression, generic measurable kind, and conversion; it asserts no dataset-specific or ecological use.",Selected the generic or expression-specific current QUDT kind Mass; more specialized same-vector meanings were excluded because no source-variable context was supplied.,high,Exact qname is absent locally and published; human review should confirm label and symbol before submission.,Review as a new expression-preserving Unit reusing quantitykind:Mass and qkdv:A0E0L0I0M1H0T0D0.
unit-0013,MI_US-PER-SEC,ready-for-review,http://qudt.org/vocab/unit/MI_US-PER-SEC,http://qudt.org/vocab/quantitykind/Speed,http://qudt.org/vocab/dimensionvector/A0E0L1I0M0H0T-1D0,"QUDT 6b8df6f4 aggregate graph query 2026-09-07: exact Unit URI absent; every factor Unit, quantitykind:Speed, and qkdv:A0E0L1I0M0H0T-1D0 exists.",Live QUDT SPARQL 2026-09-07: exact Unit URI absent; reused QuantityKind and DimensionVector URIs verified. Expression identity is preserved rather than replaced by an algebraic equivalent.,http://qudt.org/vocab/unit/M-PER-SEC,multiplier=1609.347219; offset=0,MI_US^1=1609.347219^1 × SEC^-1=1.0^-1; product = 1609.347219 metre per second,false,https://www.bipm.org/en/publications/si-brochure/|https://www.nist.gov/pml/special-publication-811|current QUDT constituent multipliers at 6b8df6f429c45bc6fb0b25659d34f51954a148f9,Length divided by time matches the current generic Speed kind.,unitForQuantityKind,Vector composition MI_US^1 (A0E0L1I0M0H0T0D0) + SEC^-1 (A0E0L0I0M0H0T1D0) = A0E0L1I0M0H0T-1D0; the vector exists locally and in published QUDT.,https://www.bipm.org/en/publications/si-brochure/|https://www.nist.gov/pml/special-publication-811/nist-guide-si-appendix-b8|current QUDT factor Units and quantitykind:Speed,"The synthesized description states only the factor expression, generic measurable kind, and conversion; it asserts no dataset-specific or ecological use.",Selected the generic or expression-specific current QUDT kind Speed; more specialized same-vector meanings were excluded because no source-variable context was supplied.,medium,Current QUDT rounds unit:MI_US to 1609.347219 m; the exact NIST survey-mile ratio is 6336000/3937 m.,Review as a new expression-preserving Unit reusing quantitykind:Speed and qkdv:A0E0L1I0M0H0T-1D0.
unit-0014,M3-PER-M2-DAY,ready-for-review,http://qudt.org/vocab/unit/M3-PER-M2-DAY,http://qudt.org/vocab/quantitykind/VolumetricFlux,http://qudt.org/vocab/dimensionvector/A0E0L1I0M0H0T-1D0,"QUDT 6b8df6f4 aggregate graph query 2026-09-07: exact Unit URI absent; every factor Unit, quantitykind:VolumetricFlux, and qkdv:A0E0L1I0M0H0T-1D0 exists.",Live QUDT SPARQL 2026-09-07: exact Unit URI absent; reused QuantityKind and DimensionVector URIs verified. Expression identity is preserved rather than replaced by an algebraic equivalent.,http://qudt.org/vocab/unit/M-PER-SEC,multiplier=0.000011574074074074074074074074074074074074074074074074; offset=0,M^3=1.0^3 × M^-2=1.0^-2 × DAY^-1=86400.0^-1; product = 0.000011574074074074074074074074074074074074074074074074 metre per second,true,https://www.bipm.org/en/publications/si-brochure/|https://www.nist.gov/pml/special-publication-811|current QUDT constituent multipliers at 6b8df6f429c45bc6fb0b25659d34f51954a148f9,Volume divided by area and time matches the current VolumetricFlux composition and vector.,unitForQuantityKind,Vector composition M^3 (A0E0L1I0M0H0T0D0) + M^-2 (A0E0L1I0M0H0T0D0) + DAY^-1 (A0E0L0I0M0H0T1D0) = A0E0L1I0M0H0T-1D0; the vector exists locally and in published QUDT.,https://www.bipm.org/en/publications/si-brochure/|https://www.nist.gov/pml/special-publication-811/nist-guide-si-appendix-b8|current QUDT factor Units and quantitykind:VolumetricFlux,"The synthesized description states only the factor expression, generic measurable kind, and conversion; it asserts no dataset-specific or ecological use.",Selected the generic or expression-specific current QUDT kind VolumetricFlux; more specialized same-vector meanings were excluded because no source-variable context was supplied.,high,Exact qname is absent locally and published; human review should confirm label and symbol before submission.,Review as a new expression-preserving Unit reusing quantitykind:VolumetricFlux and qkdv:A0E0L1I0M0H0T-1D0.
unit-0015,CORD-PER-AC,ready-for-review,http://qudt.org/vocab/unit/CORD-PER-AC,http://qudt.org/vocab/quantitykind/VolumePerArea,http://qudt.org/vocab/dimensionvector/A0E0L1I0M0H0T0D0,"QUDT 6b8df6f4 aggregate graph query 2026-09-07: exact Unit URI absent; every factor Unit, quantitykind:VolumePerArea, and qkdv:A0E0L1I0M0H0T0D0 exists.",Live QUDT SPARQL 2026-09-07: exact Unit URI absent; reused QuantityKind and DimensionVector URIs verified. Expression identity is preserved rather than replaced by an algebraic equivalent.,http://qudt.org/vocab/unit/M,multiplier=0.00089564738292011019283746556473829201101928374655647; offset=0,CORD^1=3.624556363776^1 × AC^-1=4046.8564224^-1; product = 0.00089564738292011019283746556473829201101928374655647 metre,true,https://www.bipm.org/en/publications/si-brochure/|https://www.nist.gov/pml/special-publication-811|current QUDT constituent multipliers at 6b8df6f429c45bc6fb0b25659d34f51954a148f9,"The expression explicitly divides volume by area, matching the current VolumePerArea kind.",unitForQuantityKind,Vector composition CORD^1 (A0E0L3I0M0H0T0D0) + AC^-1 (A0E0L2I0M0H0T0D0) = A0E0L1I0M0H0T0D0; the vector exists locally and in published QUDT.,https://www.bipm.org/en/publications/si-brochure/|https://www.nist.gov/pml/special-publication-811/nist-guide-si-appendix-b8|current QUDT factor Units and quantitykind:VolumePerArea,"The synthesized description states only the factor expression, generic measurable kind, and conversion; it asserts no dataset-specific or ecological use.",Selected the generic or expression-specific current QUDT kind VolumePerArea; more specialized same-vector meanings were excluded because no source-variable context was supplied.,high,Exact qname is absent locally and published; human review should confirm label and symbol before submission.,Review as a new expression-preserving Unit reusing quantitykind:VolumePerArea and qkdv:A0E0L1I0M0H0T0D0.
unit-0016,FT3-PER-AC,ready-for-review,http://qudt.org/vocab/unit/FT3-PER-AC,http://qudt.org/vocab/quantitykind/VolumePerArea,http://qudt.org/vocab/dimensionvector/A0E0L1I0M0H0T0D0,"QUDT 6b8df6f4 aggregate graph query 2026-09-07: exact Unit URI absent; every factor Unit, quantitykind:VolumePerArea, and qkdv:A0E0L1I0M0H0T0D0 exists.",Live QUDT SPARQL 2026-09-07: exact Unit URI absent; reused QuantityKind and DimensionVector URIs verified. Expression identity is preserved rather than replaced by an algebraic equivalent.,http://qudt.org/vocab/unit/M,multiplier=0.0000069972451790633608815426997245179063360881542699724; offset=0,FT^3=0.3048^3 × AC^-1=4046.8564224^-1; product = 0.0000069972451790633608815426997245179063360881542699724 metre,true,https://www.bipm.org/en/publications/si-brochure/|https://www.nist.gov/pml/special-publication-811|current QUDT constituent multipliers at 6b8df6f429c45bc6fb0b25659d34f51954a148f9,"The expression explicitly divides volume by area, matching the current VolumePerArea kind.",unitForQuantityKind,Vector composition FT^3 (A0E0L1I0M0H0T0D0) + AC^-1 (A0E0L2I0M0H0T0D0) = A0E0L1I0M0H0T0D0; the vector exists locally and in published QUDT.,https://www.bipm.org/en/publications/si-brochure/|https://www.nist.gov/pml/special-publication-811/nist-guide-si-appendix-b8|current QUDT factor Units and quantitykind:VolumePerArea,"The synthesized description states only the factor expression, generic measurable kind, and conversion; it asserts no dataset-specific or ecological use.",Selected the generic or expression-specific current QUDT kind VolumePerArea; more specialized same-vector meanings were excluded because no source-variable context was supplied.,high,Exact qname is absent locally and published; human review should confirm label and symbol before submission.,Review as a new expression-preserving Unit reusing quantitykind:VolumePerArea and qkdv:A0E0L1I0M0H0T0D0.
unit-0017,MegaL-PER-KiloM2,ready-for-review,http://qudt.org/vocab/unit/MegaL-PER-KiloM2,http://qudt.org/vocab/quantitykind/VolumePerArea,http://qudt.org/vocab/dimensionvector/A0E0L1I0M0H0T0D0,"QUDT 6b8df6f4 aggregate graph query 2026-09-07: exact Unit URI absent; every factor Unit, quantitykind:VolumePerArea, and qkdv:A0E0L1I0M0H0T0D0 exists.",Live QUDT SPARQL 2026-09-07: exact Unit URI absent; reused QuantityKind and DimensionVector URIs verified. Expression identity is preserved rather than replaced by an algebraic equivalent.,http://qudt.org/vocab/unit/M,multiplier=0.001; offset=0,MegaL^1=1000.0^1 × KiloM^-2=1000.0^-2; product = 0.001 metre,true,https://www.bipm.org/en/publications/si-brochure/|https://www.nist.gov/pml/special-publication-811|current QUDT constituent multipliers at 6b8df6f429c45bc6fb0b25659d34f51954a148f9,"The expression explicitly divides volume by area, matching the current VolumePerArea kind.",unitForQuantityKind,Vector composition MegaL^1 (A0E0L3I0M0H0T0D0) + KiloM^-2 (A0E0L1I0M0H0T0D0) = A0E0L1I0M0H0T0D0; the vector exists locally and in published QUDT.,https://www.bipm.org/en/publications/si-brochure/|https://www.nist.gov/pml/special-publication-811/nist-guide-si-appendix-b8|current QUDT factor Units and quantitykind:VolumePerArea,"The synthesized description states only the factor expression, generic measurable kind, and conversion; it asserts no dataset-specific or ecological use.",Selected the generic or expression-specific current QUDT kind VolumePerArea; more specialized same-vector meanings were excluded because no source-variable context was supplied.,high,Exact qname is absent locally and published; human review should confirm label and symbol before submission.,Review as a new expression-preserving Unit reusing quantitykind:VolumePerArea and qkdv:A0E0L1I0M0H0T0D0.
unit-0018,MicroM3-PER-MilliM2,ready-for-review,http://qudt.org/vocab/unit/MicroM3-PER-MilliM2,http://qudt.org/vocab/quantitykind/VolumePerArea,http://qudt.org/vocab/dimensionvector/A0E0L1I0M0H0T0D0,"QUDT 6b8df6f4 aggregate graph query 2026-09-07: exact Unit URI absent; every factor Unit, quantitykind:VolumePerArea, and qkdv:A0E0L1I0M0H0T0D0 exists.",Live QUDT SPARQL 2026-09-07: exact Unit URI absent; reused QuantityKind and DimensionVector URIs verified. Expression identity is preserved rather than replaced by an algebraic equivalent.,http://qudt.org/vocab/unit/M,multiplier=0.000000000001; offset=0,MicroM^3=0.000001^3 × MilliM^-2=0.001^-2; product = 0.000000000001 metre,true,https://www.bipm.org/en/publications/si-brochure/|https://www.nist.gov/pml/special-publication-811|current QUDT constituent multipliers at 6b8df6f429c45bc6fb0b25659d34f51954a148f9,"The expression explicitly divides volume by area, matching the current VolumePerArea kind.",unitForQuantityKind,Vector composition MicroM^3 (A0E0L1I0M0H0T0D0) + MilliM^-2 (A0E0L1I0M0H0T0D0) = A0E0L1I0M0H0T0D0; the vector exists locally and in published QUDT.,https://www.bipm.org/en/publications/si-brochure/|https://www.nist.gov/pml/special-publication-811/nist-guide-si-appendix-b8|current QUDT factor Units and quantitykind:VolumePerArea,"The synthesized description states only the factor expression, generic measurable kind, and conversion; it asserts no dataset-specific or ecological use.",Selected the generic or expression-specific current QUDT kind VolumePerArea; more specialized same-vector meanings were excluded because no source-variable context was supplied.,high,Exact qname is absent locally and published; human review should confirm label and symbol before submission.,Review as a new expression-preserving Unit reusing quantitykind:VolumePerArea and qkdv:A0E0L1I0M0H0T0D0.
unit-0019,MilliM-PER-NUM,needs-clarification,,,http://qudt.org/vocab/dimensionvector/A0E0L1I0M0H0T0D0,QUDT 6b8df6f4 aggregate graph query 2026-09-07: exact Unit URI absent; constituent Units and qkdv:A0E0L1I0M0H0T0D0 verified.,Live QUDT SPARQL 2026-09-07: exact Unit URI absent. No published semantic evidence resolves the missing measurement context.,http://qudt.org/vocab/unit/M,multiplier=0.001 to metre; offset=0,MilliM^1=0.001^1 × NUM^-1=1.0^-1; product = 0.001 metre,true,https://www.bipm.org/en/publications/si-brochure/|current QUDT constituent multipliers at 6b8df6f429c45bc6fb0b25659d34f51954a148f9,No QuantityKind is asserted because the submitted expression and current QUDT do not distinguish the competing measurement meanings.,,Vector composition MilliM^1 (A0E0L1I0M0H0T0D0) + NUM^-1 (A0E0L0I0M0H0T0D1) = A0E0L1I0M0H0T0D0; the vector exists locally and in published QUDT.,Current QUDT factor and same-vector QuantityKind inventory|https://github.com/qudt/qudt-public-repo/wiki/Unit-Vocabulary-Submission-Guidelines,No Unit description or RDF is drafted until the semantic or conversion ambiguity is resolved.,"Count, number of particles, population, count density, and event-rate interpretations were considered; none can be selected from the expression alone.",low,"NUM does not identify what is counted or whether the denominator is a sample, organism, event, or replicate; Count, NumberOfParticles, Population, density, and rate interpretations remain possible.","Confirm the source variable, measured numerator, denominator basis, and intended QuantityKind before drafting RDF."
unit-0020,MilliGM-PER-L-HR,ready-for-review,http://qudt.org/vocab/unit/MilliGM-PER-L-HR,http://qudt.org/vocab/quantitykind/MassConcentrationRateOfChange,http://qudt.org/vocab/dimensionvector/A0E0L-3I0M1H0T-1D0,"QUDT 6b8df6f4 aggregate graph query 2026-09-07: exact Unit URI absent; every factor Unit, quantitykind:MassConcentrationRateOfChange, and qkdv:A0E0L-3I0M1H0T-1D0 exists.",Live QUDT SPARQL 2026-09-07: exact Unit URI absent; reused QuantityKind and DimensionVector URIs verified. Expression identity is preserved rather than replaced by an algebraic equivalent.,http://qudt.org/vocab/unit/KiloGM-PER-M3-SEC,multiplier=0.00000027777777777777777777777777777777777777777777777778; offset=0,MilliGM^1=0.000001^1 × L^-1=0.001^-1 × HR^-1=3600.0^-1; product = 0.00000027777777777777777777777777777777777777777777777778 kilogram per cubic metre second,true,https://www.bipm.org/en/publications/si-brochure/|https://www.nist.gov/pml/special-publication-811|current QUDT constituent multipliers at 6b8df6f429c45bc6fb0b25659d34f51954a148f9,Mass divided by volume and time matches the current MassConcentrationRateOfChange kind.,unitForQuantityKind,Vector composition MilliGM^1 (A0E0L0I0M1H0T0D0) + L^-1 (A0E0L3I0M0H0T0D0) + HR^-1 (A0E0L0I0M0H0T1D0) = A0E0L-3I0M1H0T-1D0; the vector exists locally and in published QUDT.,https://www.bipm.org/en/publications/si-brochure/|https://www.nist.gov/pml/special-publication-811/nist-guide-si-appendix-b8|current QUDT factor Units and quantitykind:MassConcentrationRateOfChange,"The synthesized description states only the factor expression, generic measurable kind, and conversion; it asserts no dataset-specific or ecological use.",Selected the generic or expression-specific current QUDT kind MassConcentrationRateOfChange; more specialized same-vector meanings were excluded because no source-variable context was supplied.,high,Exact qname is absent locally and published; human review should confirm label and symbol before submission.,Review as a new expression-preserving Unit reusing quantitykind:MassConcentrationRateOfChange and qkdv:A0E0L-3I0M1H0T-1D0.
unit-0021,TON_US-PER-AC,ready-for-review,http://qudt.org/vocab/unit/TON_US-PER-AC,http://qudt.org/vocab/quantitykind/MassPerArea,http://qudt.org/vocab/dimensionvector/A0E0L-2I0M1H0T0D0,"QUDT 6b8df6f4 aggregate graph query 2026-09-07: exact Unit URI absent; every factor Unit, quantitykind:MassPerArea, and qkdv:A0E0L-2I0M1H0T0D0 exists.",Live QUDT SPARQL 2026-09-07: exact Unit URI absent; reused QuantityKind and DimensionVector URIs verified. Expression identity is preserved rather than replaced by an algebraic equivalent.,http://qudt.org/vocab/unit/KiloGM-PER-M2,multiplier=0.22417023123889120954448418436679746535699580939005; offset=0,TON_US^1=907.18474^1 × AC^-1=4046.8564224^-1; product = 0.22417023123889120954448418436679746535699580939005 kilogram per square metre,true,https://www.bipm.org/en/publications/si-brochure/|https://www.nist.gov/pml/special-publication-811|current QUDT constituent multipliers at 6b8df6f429c45bc6fb0b25659d34f51954a148f9,Mass divided by area matches the current generic MassPerArea kind.,unitForQuantityKind,Vector composition TON_US^1 (A0E0L0I0M1H0T0D0) + AC^-1 (A0E0L2I0M0H0T0D0) = A0E0L-2I0M1H0T0D0; the vector exists locally and in published QUDT.,https://www.bipm.org/en/publications/si-brochure/|https://www.nist.gov/pml/special-publication-811/nist-guide-si-appendix-b8|current QUDT factor Units and quantitykind:MassPerArea,"The synthesized description states only the factor expression, generic measurable kind, and conversion; it asserts no dataset-specific or ecological use.",Selected the generic or expression-specific current QUDT kind MassPerArea; more specialized same-vector meanings were excluded because no source-variable context was supplied.,high,Exact qname is absent locally and published; human review should confirm label and symbol before submission.,Review as a new expression-preserving Unit reusing quantitykind:MassPerArea and qkdv:A0E0L-2I0M1H0T0D0.
unit-0022,BQ-PER-GM,ready-for-review,http://qudt.org/vocab/unit/BQ-PER-GM,http://qudt.org/vocab/quantitykind/MassicActivity,http://qudt.org/vocab/dimensionvector/A0E0L0I0M-1H0T-1D0,"QUDT 6b8df6f4 aggregate graph query 2026-09-07: exact Unit URI absent; every factor Unit, quantitykind:MassicActivity, and qkdv:A0E0L0I0M-1H0T-1D0 exists.",Live QUDT SPARQL 2026-09-07: exact Unit URI absent; reused QuantityKind and DimensionVector URIs verified. Expression identity is preserved rather than replaced by an algebraic equivalent.,http://qudt.org/vocab/unit/BQ-PER-KiloGM,multiplier=1000.0; offset=0,BQ^1=1.0^1 × GM^-1=0.001^-1; product = 1000.0 becquerel per kilogram,true,https://www.bipm.org/en/publications/si-brochure/|https://www.nist.gov/pml/special-publication-811|current QUDT constituent multipliers at 6b8df6f429c45bc6fb0b25659d34f51954a148f9,Activity divided by mass matches the current MassicActivity kind.,unitForQuantityKind,Vector composition BQ^1 (A0E0L0I0M0H0T-1D0) + GM^-1 (A0E0L0I0M1H0T0D0) = A0E0L0I0M-1H0T-1D0; the vector exists locally and in published QUDT.,https://www.bipm.org/en/publications/si-brochure/|https://www.nist.gov/pml/special-publication-811/nist-guide-si-appendix-b8|current QUDT factor Units and quantitykind:MassicActivity,"The synthesized description states only the factor expression, generic measurable kind, and conversion; it asserts no dataset-specific or ecological use.",Selected the generic or expression-specific current QUDT kind MassicActivity; more specialized same-vector meanings were excluded because no source-variable context was supplied.,high,Exact qname is absent locally and published; human review should confirm label and symbol before submission.,Review as a new expression-preserving Unit reusing quantitykind:MassicActivity and qkdv:A0E0L0I0M-1H0T-1D0.
unit-0023,GM-PER-HA-DAY,ready-for-review,http://qudt.org/vocab/unit/GM-PER-HA-DAY,http://qudt.org/vocab/quantitykind/MassPerAreaTime,http://qudt.org/vocab/dimensionvector/A0E0L-2I0M1H0T-1D0,"QUDT 6b8df6f4 aggregate graph query 2026-09-07: exact Unit URI absent; every factor Unit, quantitykind:MassPerAreaTime, and qkdv:A0E0L-2I0M1H0T-1D0 exists.",Live QUDT SPARQL 2026-09-07: exact Unit URI absent; reused QuantityKind and DimensionVector URIs verified. Expression identity is preserved rather than replaced by an algebraic equivalent.,http://qudt.org/vocab/unit/KiloGM-PER-M2-SEC,multiplier=0.0000000000011574074074074074074074074074074074074074074074074; offset=0,GM^1=0.001^1 × HA^-1=10000.0^-1 × DAY^-1=86400.0^-1; product = 0.0000000000011574074074074074074074074074074074074074074074074 kilogram per square metre second,true,https://www.bipm.org/en/publications/si-brochure/|https://www.nist.gov/pml/special-publication-811|current QUDT constituent multipliers at 6b8df6f429c45bc6fb0b25659d34f51954a148f9,Mass divided by area and time matches the current MassPerAreaTime kind.,unitForQuantityKind,Vector composition GM^1 (A0E0L0I0M1H0T0D0) + HA^-1 (A0E0L2I0M0H0T0D0) + DAY^-1 (A0E0L0I0M0H0T1D0) = A0E0L-2I0M1H0T-1D0; the vector exists locally and in published QUDT.,https://www.bipm.org/en/publications/si-brochure/|https://www.nist.gov/pml/special-publication-811/nist-guide-si-appendix-b8|current QUDT factor Units and quantitykind:MassPerAreaTime,"The synthesized description states only the factor expression, generic measurable kind, and conversion; it asserts no dataset-specific or ecological use.",Selected the generic or expression-specific current QUDT kind MassPerAreaTime; more specialized same-vector meanings were excluded because no source-variable context was supplied.,high,Exact qname is absent locally and published; human review should confirm label and symbol before submission.,Review as a new expression-preserving Unit reusing quantitykind:MassPerAreaTime and qkdv:A0E0L-2I0M1H0T-1D0.
unit-0024,MicroGM-PER-M2,ready-for-review,http://qudt.org/vocab/unit/MicroGM-PER-M2,http://qudt.org/vocab/quantitykind/MassPerArea,http://qudt.org/vocab/dimensionvector/A0E0L-2I0M1H0T0D0,"QUDT 6b8df6f4 aggregate graph query 2026-09-07: exact Unit URI absent; every factor Unit, quantitykind:MassPerArea, and qkdv:A0E0L-2I0M1H0T0D0 exists.",Live QUDT SPARQL 2026-09-07: exact Unit URI absent; reused QuantityKind and DimensionVector URIs verified. Expression identity is preserved rather than replaced by an algebraic equivalent.,http://qudt.org/vocab/unit/KiloGM-PER-M2,multiplier=0.000000001; offset=0,MicroGM^1=0.000000001^1 × M^-2=1.0^-2; product = 0.000000001 kilogram per square metre,true,https://www.bipm.org/en/publications/si-brochure/|https://www.nist.gov/pml/special-publication-811|current QUDT constituent multipliers at 6b8df6f429c45bc6fb0b25659d34f51954a148f9,Mass divided by area matches the current generic MassPerArea kind.,unitForQuantityKind,Vector composition MicroGM^1 (A0E0L0I0M1H0T0D0) + M^-2 (A0E0L1I0M0H0T0D0) = A0E0L-2I0M1H0T0D0; the vector exists locally and in published QUDT.,https://www.bipm.org/en/publications/si-brochure/|https://www.nist.gov/pml/special-publication-811/nist-guide-si-appendix-b8|current QUDT factor Units and quantitykind:MassPerArea,"The synthesized description states only the factor expression, generic measurable kind, and conversion; it asserts no dataset-specific or ecological use.",Selected the generic or expression-specific current QUDT kind MassPerArea; more specialized same-vector meanings were excluded because no source-variable context was supplied.,high,Exact qname is absent locally and published; human review should confirm label and symbol before submission.,Review as a new expression-preserving Unit reusing quantitykind:MassPerArea and qkdv:A0E0L-2I0M1H0T0D0.
unit-0025,NanoGM-PER-GM-HR,needs-clarification,,,http://qudt.org/vocab/dimensionvector/A0E0L0I0M0H0T-1D0,QUDT 6b8df6f4 aggregate graph query 2026-09-07: exact Unit URI absent; constituent Units and qkdv:A0E0L0I0M0H0T-1D0 verified.,Live QUDT SPARQL 2026-09-07: exact Unit URI absent. No published semantic evidence resolves the missing measurement context.,http://qudt.org/vocab/unit/PER-SEC,multiplier=0.00000000000027777777777777777777777777777777777777777777777778 to reciprocal second; offset=0,NanoGM^1=0.000000000001^1 × GM^-1=0.001^-1 × HR^-1=3600.0^-1; product = 0.00000000000027777777777777777777777777777777777777777777777778 reciprocal second,true,https://www.bipm.org/en/publications/si-brochure/|current QUDT constituent multipliers at 6b8df6f429c45bc6fb0b25659d34f51954a148f9,No QuantityKind is asserted because the submitted expression and current QUDT do not distinguish the competing measurement meanings.,,Vector composition NanoGM^1 (A0E0L0I0M1H0T0D0) + GM^-1 (A0E0L0I0M1H0T0D0) + HR^-1 (A0E0L0I0M0H0T1D0) = A0E0L0I0M0H0T-1D0; the vector exists locally and in published QUDT.,Current QUDT factor and same-vector QuantityKind inventory|https://github.com/qudt/qudt-public-repo/wiki/Unit-Vocabulary-Submission-Guidelines,No Unit description or RDF is drafted until the semantic or conversion ambiguity is resolved.,"MassSpecificBiogeochemicalRate, generic RateOfChange, and process-specific normalized rates were considered; all require a measurand and denominator context.",low,"A mass/mass/time expression can represent a mass-specific process rate, fractional change rate, or another normalized rate. The numerator measurand and denominator basis were not supplied.","Confirm the source variable, measured numerator, denominator basis, and intended QuantityKind before drafting RDF."
unit-0026,MicroGM-PER-KiloGM-HR,needs-clarification,,,http://qudt.org/vocab/dimensionvector/A0E0L0I0M0H0T-1D0,QUDT 6b8df6f4 aggregate graph query 2026-09-07: exact Unit URI absent; constituent Units and qkdv:A0E0L0I0M0H0T-1D0 verified.,Live QUDT SPARQL 2026-09-07: exact Unit URI absent. No published semantic evidence resolves the missing measurement context.,http://qudt.org/vocab/unit/PER-SEC,multiplier=0.00000000000027777777777777777777777777777777777777777777777778 to reciprocal second; offset=0,MicroGM^1=0.000000001^1 × KiloGM^-1=1.0^-1 × HR^-1=3600.0^-1; product = 0.00000000000027777777777777777777777777777777777777777777777778 reciprocal second,true,https://www.bipm.org/en/publications/si-brochure/|current QUDT constituent multipliers at 6b8df6f429c45bc6fb0b25659d34f51954a148f9,No QuantityKind is asserted because the submitted expression and current QUDT do not distinguish the competing measurement meanings.,,Vector composition MicroGM^1 (A0E0L0I0M1H0T0D0) + KiloGM^-1 (A0E0L0I0M1H0T0D0) + HR^-1 (A0E0L0I0M0H0T1D0) = A0E0L0I0M0H0T-1D0; the vector exists locally and in published QUDT.,Current QUDT factor and same-vector QuantityKind inventory|https://github.com/qudt/qudt-public-repo/wiki/Unit-Vocabulary-Submission-Guidelines,No Unit description or RDF is drafted until the semantic or conversion ambiguity is resolved.,"MassSpecificBiogeochemicalRate, generic RateOfChange, and process-specific normalized rates were considered; all require a measurand and denominator context.",low,"A mass/mass/time expression can represent a mass-specific process rate, fractional change rate, or another normalized rate. The numerator measurand and denominator basis were not supplied.","Confirm the source variable, measured numerator, denominator basis, and intended QuantityKind before drafting RDF."
unit-0027,NUM-PER-L-MIN,needs-clarification,,,http://qudt.org/vocab/dimensionvector/A0E0L-3I0M0H0T-1D0,QUDT 6b8df6f4 aggregate graph query 2026-09-07: exact Unit URI absent; constituent Units and qkdv:A0E0L-3I0M0H0T-1D0 verified.,Live QUDT SPARQL 2026-09-07: exact Unit URI absent. No published semantic evidence resolves the missing measurement context.,http://qudt.org/vocab/unit/PER-M3-SEC,multiplier=16.666666666666666666666666666666666666666666666667 to reciprocal cubic metre second; offset=0,NUM^1=1.0^1 × L^-1=0.001^-1 × MIN^-1=60.0^-1; product = 16.666666666666666666666666666666666666666666666667 reciprocal cubic metre second,true,https://www.bipm.org/en/publications/si-brochure/|current QUDT constituent multipliers at 6b8df6f429c45bc6fb0b25659d34f51954a148f9,No QuantityKind is asserted because the submitted expression and current QUDT do not distinguish the competing measurement meanings.,,Vector composition NUM^1 (A0E0L0I0M0H0T0D1) + L^-1 (A0E0L3I0M0H0T0D0) + MIN^-1 (A0E0L0I0M0H0T1D0) = A0E0L-3I0M0H0T-1D0; the vector exists locally and in published QUDT.,Current QUDT factor and same-vector QuantityKind inventory|https://github.com/qudt/qudt-public-repo/wiki/Unit-Vocabulary-Submission-Guidelines,No Unit description or RDF is drafted until the semantic or conversion ambiguity is resolved.,"Count, number of particles, population, count density, and event-rate interpretations were considered; none can be selected from the expression alone.",low,"NUM does not identify what is counted or whether the denominator is a sample, organism, event, or replicate; Count, NumberOfParticles, Population, density, and rate interpretations remain possible.","Confirm the source variable, measured numerator, denominator basis, and intended QuantityKind before drafting RDF."
unit-0028,BQ-PER-MilliL,ready-for-review,http://qudt.org/vocab/unit/BQ-PER-MilliL,http://qudt.org/vocab/quantitykind/ActivityConcentration,http://qudt.org/vocab/dimensionvector/A0E0L-3I0M0H0T-1D0,"QUDT 6b8df6f4 aggregate graph query 2026-09-07: exact Unit URI absent; every factor Unit, quantitykind:ActivityConcentration, and qkdv:A0E0L-3I0M0H0T-1D0 exists.",Live QUDT SPARQL 2026-09-07: exact Unit URI absent; reused QuantityKind and DimensionVector URIs verified. Expression identity is preserved rather than replaced by an algebraic equivalent.,http://qudt.org/vocab/unit/BQ-PER-M3,multiplier=1000000.0; offset=0,BQ^1=1.0^1 × MilliL^-1=0.000001^-1; product = 1000000.0 becquerel per cubic metre,true,https://www.bipm.org/en/publications/si-brochure/|https://www.nist.gov/pml/special-publication-811|current QUDT constituent multipliers at 6b8df6f429c45bc6fb0b25659d34f51954a148f9,Activity divided by volume matches the current ActivityConcentration kind.,unitForQuantityKind,Vector composition BQ^1 (A0E0L0I0M0H0T-1D0) + MilliL^-1 (A0E0L3I0M0H0T0D0) = A0E0L-3I0M0H0T-1D0; the vector exists locally and in published QUDT.,https://www.bipm.org/en/publications/si-brochure/|https://www.nist.gov/pml/special-publication-811/nist-guide-si-appendix-b8|current QUDT factor Units and quantitykind:ActivityConcentration,"The synthesized description states only the factor expression, generic measurable kind, and conversion; it asserts no dataset-specific or ecological use.",Selected the generic or expression-specific current QUDT kind ActivityConcentration; more specialized same-vector meanings were excluded because no source-variable context was supplied.,high,Exact qname is absent locally and published; human review should confirm label and symbol before submission.,Review as a new expression-preserving Unit reusing quantitykind:ActivityConcentration and qkdv:A0E0L-3I0M0H0T-1D0.
unit-0029,KiloGM-PER-KiloM2-YR,ready-for-review,http://qudt.org/vocab/unit/KiloGM-PER-KiloM2-YR,http://qudt.org/vocab/quantitykind/MassPerAreaTime,http://qudt.org/vocab/dimensionvector/A0E0L-2I0M1H0T-1D0,"QUDT 6b8df6f4 aggregate graph query 2026-09-07: exact Unit URI absent; every factor Unit, quantitykind:MassPerAreaTime, and qkdv:A0E0L-2I0M1H0T-1D0 exists.",Live QUDT SPARQL 2026-09-07: exact Unit URI absent; reused QuantityKind and DimensionVector URIs verified. Expression identity is preserved rather than replaced by an algebraic equivalent.,http://qudt.org/vocab/unit/KiloGM-PER-M2-SEC,multiplier=0.000000000000031688087814028950237026896848936547772961188430045; offset=0,KiloGM^1=1.0^1 × KiloM^-2=1000.0^-2 × YR^-1=31557600.0^-1; product = 0.000000000000031688087814028950237026896848936547772961188430045 kilogram per square metre second,true,https://www.bipm.org/en/publications/si-brochure/|https://www.nist.gov/pml/special-publication-811|current QUDT constituent multipliers at 6b8df6f429c45bc6fb0b25659d34f51954a148f9,Mass divided by area and time matches the current MassPerAreaTime kind.,unitForQuantityKind,Vector composition KiloGM^1 (A0E0L0I0M1H0T0D0) + KiloM^-2 (A0E0L1I0M0H0T0D0) + YR^-1 (A0E0L0I0M0H0T1D0) = A0E0L-2I0M1H0T-1D0; the vector exists locally and in published QUDT.,https://www.bipm.org/en/publications/si-brochure/|https://www.nist.gov/pml/special-publication-811/nist-guide-si-appendix-b8|current QUDT factor Units and quantitykind:MassPerAreaTime,"The synthesized description states only the factor expression, generic measurable kind, and conversion; it asserts no dataset-specific or ecological use.",Selected the generic or expression-specific current QUDT kind MassPerAreaTime; more specialized same-vector meanings were excluded because no source-variable context was supplied.,high,Exact qname is absent locally and published; human review should confirm label and symbol before submission.,Review as a new expression-preserving Unit reusing quantitykind:MassPerAreaTime and qkdv:A0E0L-2I0M1H0T-1D0.
unit-0030,KiloGM-PER-M2-YR,ready-for-review,http://qudt.org/vocab/unit/KiloGM-PER-M2-YR,http://qudt.org/vocab/quantitykind/MassPerAreaTime,http://qudt.org/vocab/dimensionvector/A0E0L-2I0M1H0T-1D0,"QUDT 6b8df6f4 aggregate graph query 2026-09-07: exact Unit URI absent; every factor Unit, quantitykind:MassPerAreaTime, and qkdv:A0E0L-2I0M1H0T-1D0 exists.",Live QUDT SPARQL 2026-09-07: exact Unit URI absent; reused QuantityKind and DimensionVector URIs verified. Expression identity is preserved rather than replaced by an algebraic equivalent.,http://qudt.org/vocab/unit/KiloGM-PER-M2-SEC,multiplier=0.000000031688087814028950237026896848936547772961188430045; offset=0,KiloGM^1=1.0^1 × M^-2=1.0^-2 × YR^-1=31557600.0^-1; product = 0.000000031688087814028950237026896848936547772961188430045 kilogram per square metre second,true,https://www.bipm.org/en/publications/si-brochure/|https://www.nist.gov/pml/special-publication-811|current QUDT constituent multipliers at 6b8df6f429c45bc6fb0b25659d34f51954a148f9,Mass divided by area and time matches the current MassPerAreaTime kind.,unitForQuantityKind,Vector composition KiloGM^1 (A0E0L0I0M1H0T0D0) + M^-2 (A0E0L1I0M0H0T0D0) + YR^-1 (A0E0L0I0M0H0T1D0) = A0E0L-2I0M1H0T-1D0; the vector exists locally and in published QUDT.,https://www.bipm.org/en/publications/si-brochure/|https://www.nist.gov/pml/special-publication-811/nist-guide-si-appendix-b8|current QUDT factor Units and quantitykind:MassPerAreaTime,"The synthesized description states only the factor expression, generic measurable kind, and conversion; it asserts no dataset-specific or ecological use.",Selected the generic or expression-specific current QUDT kind MassPerAreaTime; more specialized same-vector meanings were excluded because no source-variable context was supplied.,high,Exact qname is absent locally and published; human review should confirm label and symbol before submission.,Review as a new expression-preserving Unit reusing quantitykind:MassPerAreaTime and qkdv:A0E0L-2I0M1H0T-1D0.
unit-0031,MilliGM-PER-KiloGM-MO,blocked-conversion,,,http://qudt.org/vocab/dimensionvector/A0E0L0I0M0H0T-1D0,QUDT 6b8df6f4 aggregate graph query 2026-09-07: exact Unit URI absent; constituent Units and qkdv:A0E0L0I0M0H0T-1D0 verified.,Live QUDT SPARQL 2026-09-07: exact Unit URI absent. No published semantic evidence resolves the missing measurement context.,http://qudt.org/vocab/unit/PER-SEC,QUDT synodic-month basis and UCUM month conventions produce different multipliers,QUDT unit:MO = 2551442.976 s; an alternative month convention must not be substituted without source confirmation,false,Current QUDT unit:MO at 6b8df6f429c45bc6fb0b25659d34f51954a148f9|https://ucum.org/ucum.html,No QuantityKind is asserted because the submitted expression and current QUDT do not distinguish the competing measurement meanings.,,Vector composition MilliGM^1 (A0E0L0I0M1H0T0D0) + KiloGM^-1 (A0E0L0I0M1H0T0D0) = A0E0L0I0M0H0T-1D0; the vector exists locally and in published QUDT.,Current QUDT factor and same-vector QuantityKind inventory|https://ucum.org/ucum.html,No Unit description or RDF is drafted until the semantic or conversion ambiguity is resolved.,Synodic-month and Julian/calendar-month conversions were considered; the submitted token does not resolve the source convention.,low,"Bare MO is 2551442.976 s (synodic month) in current QUDT, while UCUM month conventions differ. Selecting either value without the source convention would change the conversion.","Confirm whether MO means QUDT's synodic month, a Julian month, or a calendar month; then recompute and review semantics."
unit-0032,GM-PER-GM-HR,needs-clarification,,,http://qudt.org/vocab/dimensionvector/A0E0L0I0M0H0T-1D0,QUDT 6b8df6f4 aggregate graph query 2026-09-07: exact Unit URI absent; constituent Units and qkdv:A0E0L0I0M0H0T-1D0 verified.,Live QUDT SPARQL 2026-09-07: exact Unit URI absent. No published semantic evidence resolves the missing measurement context.,http://qudt.org/vocab/unit/PER-SEC,multiplier=0.00027777777777777777777777777777777777777777777777778 to reciprocal second; offset=0,GM^1=0.001^1 × GM^-1=0.001^-1 × HR^-1=3600.0^-1; product = 0.00027777777777777777777777777777777777777777777777778 reciprocal second,true,https://www.bipm.org/en/publications/si-brochure/|current QUDT constituent multipliers at 6b8df6f429c45bc6fb0b25659d34f51954a148f9,No QuantityKind is asserted because the submitted expression and current QUDT do not distinguish the competing measurement meanings.,,Vector composition GM^1 (A0E0L0I0M1H0T0D0) + GM^-1 (A0E0L0I0M1H0T0D0) + HR^-1 (A0E0L0I0M0H0T1D0) = A0E0L0I0M0H0T-1D0; the vector exists locally and in published QUDT.,Current QUDT factor and same-vector QuantityKind inventory|https://github.com/qudt/qudt-public-repo/wiki/Unit-Vocabulary-Submission-Guidelines,No Unit description or RDF is drafted until the semantic or conversion ambiguity is resolved.,"MassSpecificBiogeochemicalRate, generic RateOfChange, and process-specific normalized rates were considered; all require a measurand and denominator context.",low,"A mass/mass/time expression can represent a mass-specific process rate, fractional change rate, or another normalized rate. The numerator measurand and denominator basis were not supplied.","Confirm the source variable, measured numerator, denominator basis, and intended QuantityKind before drafting RDF."
unit-0033,GM-PER-HA-HR,ready-for-review,http://qudt.org/vocab/unit/GM-PER-HA-HR,http://qudt.org/vocab/quantitykind/MassPerAreaTime,http://qudt.org/vocab/dimensionvector/A0E0L-2I0M1H0T-1D0,"QUDT 6b8df6f4 aggregate graph query 2026-09-07: exact Unit URI absent; every factor Unit, quantitykind:MassPerAreaTime, and qkdv:A0E0L-2I0M1H0T-1D0 exists.",Live QUDT SPARQL 2026-09-07: exact Unit URI absent; reused QuantityKind and DimensionVector URIs verified. Expression identity is preserved rather than replaced by an algebraic equivalent.,http://qudt.org/vocab/unit/KiloGM-PER-M2-SEC,multiplier=0.000000000027777777777777777777777777777777777777777777777778; offset=0,GM^1=0.001^1 × HA^-1=10000.0^-1 × HR^-1=3600.0^-1; product = 0.000000000027777777777777777777777777777777777777777777777778 kilogram per square metre second,true,https://www.bipm.org/en/publications/si-brochure/|https://www.nist.gov/pml/special-publication-811|current QUDT constituent multipliers at 6b8df6f429c45bc6fb0b25659d34f51954a148f9,Mass divided by area and time matches the current MassPerAreaTime kind.,unitForQuantityKind,Vector composition GM^1 (A0E0L0I0M1H0T0D0) + HA^-1 (A0E0L2I0M0H0T0D0) + HR^-1 (A0E0L0I0M0H0T1D0) = A0E0L-2I0M1H0T-1D0; the vector exists locally and in published QUDT.,https://www.bipm.org/en/publications/si-brochure/|https://www.nist.gov/pml/special-publication-811/nist-guide-si-appendix-b8|current QUDT factor Units and quantitykind:MassPerAreaTime,"The synthesized description states only the factor expression, generic measurable kind, and conversion; it asserts no dataset-specific or ecological use.",Selected the generic or expression-specific current QUDT kind MassPerAreaTime; more specialized same-vector meanings were excluded because no source-variable context was supplied.,high,Exact qname is absent locally and published; human review should confirm label and symbol before submission.,Review as a new expression-preserving Unit reusing quantitykind:MassPerAreaTime and qkdv:A0E0L-2I0M1H0T-1D0.
unit-0034,KiloGM-PER-HA-MO,blocked-conversion,,,http://qudt.org/vocab/dimensionvector/A0E0L-2I0M1H0T-1D0,QUDT 6b8df6f4 aggregate graph query 2026-09-07: exact Unit URI absent; constituent Units and qkdv:A0E0L-2I0M1H0T-1D0 verified.,Live QUDT SPARQL 2026-09-07: exact Unit URI absent. No published semantic evidence resolves the missing measurement context.,http://qudt.org/vocab/unit/KiloGM-PER-M2-SEC,QUDT synodic-month basis and UCUM month conventions produce different multipliers,QUDT unit:MO = 2551442.976 s; an alternative month convention must not be substituted without source confirmation,false,Current QUDT unit:MO at 6b8df6f429c45bc6fb0b25659d34f51954a148f9|https://ucum.org/ucum.html,No QuantityKind is asserted because the submitted expression and current QUDT do not distinguish the competing measurement meanings.,,Vector composition KiloGM^1 (A0E0L0I0M1H0T0D0) + HA^-1 (A0E0L2I0M0H0T0D0) = A0E0L-2I0M1H0T-1D0; the vector exists locally and in published QUDT.,Current QUDT factor and same-vector QuantityKind inventory|https://ucum.org/ucum.html,No Unit description or RDF is drafted until the semantic or conversion ambiguity is resolved.,Synodic-month and Julian/calendar-month conversions were considered; the submitted token does not resolve the source convention.,low,"Bare MO is 2551442.976 s (synodic month) in current QUDT, while UCUM month conventions differ. Selecting either value without the source convention would change the conversion.","Confirm whether MO means QUDT's synodic month, a Julian month, or a calendar month; then recompute and review semantics."
unit-0035,MicroGM-PER-KiloGM-DAY,needs-clarification,,,http://qudt.org/vocab/dimensionvector/A0E0L0I0M0H0T-1D0,QUDT 6b8df6f4 aggregate graph query 2026-09-07: exact Unit URI absent; constituent Units and qkdv:A0E0L0I0M0H0T-1D0 verified.,Live QUDT SPARQL 2026-09-07: exact Unit URI absent. No published semantic evidence resolves the missing measurement context.,http://qudt.org/vocab/unit/PER-SEC,multiplier=0.000000000000011574074074074074074074074074074074074074074074074 to reciprocal second; offset=0,MicroGM^1=0.000000001^1 × KiloGM^-1=1.0^-1 × DAY^-1=86400.0^-1; product = 0.000000000000011574074074074074074074074074074074074074074074074 reciprocal second,true,https://www.bipm.org/en/publications/si-brochure/|current QUDT constituent multipliers at 6b8df6f429c45bc6fb0b25659d34f51954a148f9,No QuantityKind is asserted because the submitted expression and current QUDT do not distinguish the competing measurement meanings.,,Vector composition MicroGM^1 (A0E0L0I0M1H0T0D0) + KiloGM^-1 (A0E0L0I0M1H0T0D0) + DAY^-1 (A0E0L0I0M0H0T1D0) = A0E0L0I0M0H0T-1D0; the vector exists locally and in published QUDT.,Current QUDT factor and same-vector QuantityKind inventory|https://github.com/qudt/qudt-public-repo/wiki/Unit-Vocabulary-Submission-Guidelines,No Unit description or RDF is drafted until the semantic or conversion ambiguity is resolved.,"MassSpecificBiogeochemicalRate, generic RateOfChange, and process-specific normalized rates were considered; all require a measurand and denominator context.",low,"A mass/mass/time expression can represent a mass-specific process rate, fractional change rate, or another normalized rate. The numerator measurand and denominator basis were not supplied.","Confirm the source variable, measured numerator, denominator basis, and intended QuantityKind before drafting RDF."
unit-0036,MilliGM-PER-L-SEC,ready-for-review,http://qudt.org/vocab/unit/MilliGM-PER-L-SEC,http://qudt.org/vocab/quantitykind/MassConcentrationRateOfChange,http://qudt.org/vocab/dimensionvector/A0E0L-3I0M1H0T-1D0,"QUDT 6b8df6f4 aggregate graph query 2026-09-07: exact Unit URI absent; every factor Unit, quantitykind:MassConcentrationRateOfChange, and qkdv:A0E0L-3I0M1H0T-1D0 exists.",Live QUDT SPARQL 2026-09-07: exact Unit URI absent; reused QuantityKind and DimensionVector URIs verified. Expression identity is preserved rather than replaced by an algebraic equivalent.,http://qudt.org/vocab/unit/KiloGM-PER-M3-SEC,multiplier=0.001; offset=0,MilliGM^1=0.000001^1 × L^-1=0.001^-1 × SEC^-1=1.0^-1; product = 0.001 kilogram per cubic metre second,true,https://www.bipm.org/en/publications/si-brochure/|https://www.nist.gov/pml/special-publication-811|current QUDT constituent multipliers at 6b8df6f429c45bc6fb0b25659d34f51954a148f9,Mass divided by volume and time matches the current MassConcentrationRateOfChange kind.,unitForQuantityKind,Vector composition MilliGM^1 (A0E0L0I0M1H0T0D0) + L^-1 (A0E0L3I0M0H0T0D0) + SEC^-1 (A0E0L0I0M0H0T1D0) = A0E0L-3I0M1H0T-1D0; the vector exists locally and in published QUDT.,https://www.bipm.org/en/publications/si-brochure/|https://www.nist.gov/pml/special-publication-811/nist-guide-si-appendix-b8|current QUDT factor Units and quantitykind:MassConcentrationRateOfChange,"The synthesized description states only the factor expression, generic measurable kind, and conversion; it asserts no dataset-specific or ecological use.",Selected the generic or expression-specific current QUDT kind MassConcentrationRateOfChange; more specialized same-vector meanings were excluded because no source-variable context was supplied.,high,Exact qname is absent locally and published; human review should confirm label and symbol before submission.,Review as a new expression-preserving Unit reusing quantitykind:MassConcentrationRateOfChange and qkdv:A0E0L-3I0M1H0T-1D0.
unit-0037,NanoGM-PER-M2-HR,ready-for-review,http://qudt.org/vocab/unit/NanoGM-PER-M2-HR,http://qudt.org/vocab/quantitykind/MassPerAreaTime,http://qudt.org/vocab/dimensionvector/A0E0L-2I0M1H0T-1D0,"QUDT 6b8df6f4 aggregate graph query 2026-09-07: exact Unit URI absent; every factor Unit, quantitykind:MassPerAreaTime, and qkdv:A0E0L-2I0M1H0T-1D0 exists.",Live QUDT SPARQL 2026-09-07: exact Unit URI absent; reused QuantityKind and DimensionVector URIs verified. Expression identity is preserved rather than replaced by an algebraic equivalent.,http://qudt.org/vocab/unit/KiloGM-PER-M2-SEC,multiplier=0.00000000000000027777777777777777777777777777777777777777777777778; offset=0,NanoGM^1=0.000000000001^1 × M^-2=1.0^-2 × HR^-1=3600.0^-1; product = 0.00000000000000027777777777777777777777777777777777777777777777778 kilogram per square metre second,true,https://www.bipm.org/en/publications/si-brochure/|https://www.nist.gov/pml/special-publication-811|current QUDT constituent multipliers at 6b8df6f429c45bc6fb0b25659d34f51954a148f9,Mass divided by area and time matches the current MassPerAreaTime kind.,unitForQuantityKind,Vector composition NanoGM^1 (A0E0L0I0M1H0T0D0) + M^-2 (A0E0L1I0M0H0T0D0) + HR^-1 (A0E0L0I0M0H0T1D0) = A0E0L-2I0M1H0T-1D0; the vector exists locally and in published QUDT.,https://www.bipm.org/en/publications/si-brochure/|https://www.nist.gov/pml/special-publication-811/nist-guide-si-appendix-b8|current QUDT factor Units and quantitykind:MassPerAreaTime,"The synthesized description states only the factor expression, generic measurable kind, and conversion; it asserts no dataset-specific or ecological use.",Selected the generic or expression-specific current QUDT kind MassPerAreaTime; more specialized same-vector meanings were excluded because no source-variable context was supplied.,high,Exact qname is absent locally and published; human review should confirm label and symbol before submission.,Review as a new expression-preserving Unit reusing quantitykind:MassPerAreaTime and qkdv:A0E0L-2I0M1H0T-1D0.
unit-0038,NUM-PER-NanoGM,needs-clarification,,,http://qudt.org/vocab/dimensionvector/A0E0L0I0M-1H0T0D0,QUDT 6b8df6f4 aggregate graph query 2026-09-07: exact Unit URI absent; constituent Units and qkdv:A0E0L0I0M-1H0T0D0 verified.,Live QUDT SPARQL 2026-09-07: exact Unit URI absent. No published semantic evidence resolves the missing measurement context.,http://qudt.org/vocab/unit/PER-KiloGM,multiplier=1000000000000.0 to reciprocal kilogram; offset=0,NUM^1=1.0^1 × NanoGM^-1=0.000000000001^-1; product = 1000000000000.0 reciprocal kilogram,true,https://www.bipm.org/en/publications/si-brochure/|current QUDT constituent multipliers at 6b8df6f429c45bc6fb0b25659d34f51954a148f9,No QuantityKind is asserted because the submitted expression and current QUDT do not distinguish the competing measurement meanings.,,Vector composition NUM^1 (A0E0L0I0M0H0T0D1) + NanoGM^-1 (A0E0L0I0M1H0T0D0) = A0E0L0I0M-1H0T0D0; the vector exists locally and in published QUDT.,Current QUDT factor and same-vector QuantityKind inventory|https://github.com/qudt/qudt-public-repo/wiki/Unit-Vocabulary-Submission-Guidelines,No Unit description or RDF is drafted until the semantic or conversion ambiguity is resolved.,"Count, number of particles, population, count density, and event-rate interpretations were considered; none can be selected from the expression alone.",low,"NUM does not identify what is counted or whether the denominator is a sample, organism, event, or replicate; Count, NumberOfParticles, Population, density, and rate interpretations remain possible.","Confirm the source variable, measured numerator, denominator basis, and intended QuantityKind before drafting RDF."
unit-0039,GM-PER-M2-MO,blocked-conversion,,,http://qudt.org/vocab/dimensionvector/A0E0L-2I0M1H0T-1D0,QUDT 6b8df6f4 aggregate graph query 2026-09-07: exact Unit URI absent; constituent Units and qkdv:A0E0L-2I0M1H0T-1D0 verified.,Live QUDT SPARQL 2026-09-07: exact Unit URI absent. No published semantic evidence resolves the missing measurement context.,http://qudt.org/vocab/unit/KiloGM-PER-M2-SEC,QUDT synodic-month basis and UCUM month conventions produce different multipliers,QUDT unit:MO = 2551442.976 s; an alternative month convention must not be substituted without source confirmation,false,Current QUDT unit:MO at 6b8df6f429c45bc6fb0b25659d34f51954a148f9|https://ucum.org/ucum.html,No QuantityKind is asserted because the submitted expression and current QUDT do not distinguish the competing measurement meanings.,,Vector composition GM^1 (A0E0L0I0M1H0T0D0) + M^-2 (A0E0L1I0M0H0T0D0) = A0E0L-2I0M1H0T-1D0; the vector exists locally and in published QUDT.,Current QUDT factor and same-vector QuantityKind inventory|https://ucum.org/ucum.html,No Unit description or RDF is drafted until the semantic or conversion ambiguity is resolved.,Synodic-month and Julian/calendar-month conversions were considered; the submitted token does not resolve the source convention.,low,"Bare MO is 2551442.976 s (synodic month) in current QUDT, while UCUM month conventions differ. Selecting either value without the source convention would change the conversion.","Confirm whether MO means QUDT's synodic month, a Julian month, or a calendar month; then recompute and review semantics."
unit-0040,MilliGM-PER-M2-MIN,ready-for-review,http://qudt.org/vocab/unit/MilliGM-PER-M2-MIN,http://qudt.org/vocab/quantitykind/MassPerAreaTime,http://qudt.org/vocab/dimensionvector/A0E0L-2I0M1H0T-1D0,"QUDT 6b8df6f4 aggregate graph query 2026-09-07: exact Unit URI absent; every factor Unit, quantitykind:MassPerAreaTime, and qkdv:A0E0L-2I0M1H0T-1D0 exists.",Live QUDT SPARQL 2026-09-07: exact Unit URI absent; reused QuantityKind and DimensionVector URIs verified. Expression identity is preserved rather than replaced by an algebraic equivalent.,http://qudt.org/vocab/unit/KiloGM-PER-M2-SEC,multiplier=0.000000016666666666666666666666666666666666666666666666667; offset=0,MilliGM^1=0.000001^1 × M^-2=1.0^-2 × MIN^-1=60.0^-1; product = 0.000000016666666666666666666666666666666666666666666666667 kilogram per square metre second,true,https://www.bipm.org/en/publications/si-brochure/|https://www.nist.gov/pml/special-publication-811|current QUDT constituent multipliers at 6b8df6f429c45bc6fb0b25659d34f51954a148f9,Mass divided by area and time matches the current MassPerAreaTime kind.,unitForQuantityKind,Vector composition MilliGM^1 (A0E0L0I0M1H0T0D0) + M^-2 (A0E0L1I0M0H0T0D0) + MIN^-1 (A0E0L0I0M0H0T1D0) = A0E0L-2I0M1H0T-1D0; the vector exists locally and in published QUDT.,https://www.bipm.org/en/publications/si-brochure/|https://www.nist.gov/pml/special-publication-811/nist-guide-si-appendix-b8|current QUDT factor Units and quantitykind:MassPerAreaTime,"The synthesized description states only the factor expression, generic measurable kind, and conversion; it asserts no dataset-specific or ecological use.",Selected the generic or expression-specific current QUDT kind MassPerAreaTime; more specialized same-vector meanings were excluded because no source-variable context was supplied.,high,Exact qname is absent locally and published; human review should confirm label and symbol before submission.,Review as a new expression-preserving Unit reusing quantitykind:MassPerAreaTime and qkdv:A0E0L-2I0M1H0T-1D0.
unit-0041,MilliGM-PER-MilliL-DAY,ready-for-review,http://qudt.org/vocab/unit/MilliGM-PER-MilliL-DAY,http://qudt.org/vocab/quantitykind/MassConcentrationRateOfChange,http://qudt.org/vocab/dimensionvector/A0E0L-3I0M1H0T-1D0,"QUDT 6b8df6f4 aggregate graph query 2026-09-07: exact Unit URI absent; every factor Unit, quantitykind:MassConcentrationRateOfChange, and qkdv:A0E0L-3I0M1H0T-1D0 exists.",Live QUDT SPARQL 2026-09-07: exact Unit URI absent; reused QuantityKind and DimensionVector URIs verified. Expression identity is preserved rather than replaced by an algebraic equivalent.,http://qudt.org/vocab/unit/KiloGM-PER-M3-SEC,multiplier=0.000011574074074074074074074074074074074074074074074074; offset=0,MilliGM^1=0.000001^1 × MilliL^-1=0.000001^-1 × DAY^-1=86400.0^-1; product = 0.000011574074074074074074074074074074074074074074074074 kilogram per cubic metre second,true,https://www.bipm.org/en/publications/si-brochure/|https://www.nist.gov/pml/special-publication-811|current QUDT constituent multipliers at 6b8df6f429c45bc6fb0b25659d34f51954a148f9,Mass divided by volume and time matches the current MassConcentrationRateOfChange kind.,unitForQuantityKind,Vector composition MilliGM^1 (A0E0L0I0M1H0T0D0) + MilliL^-1 (A0E0L3I0M0H0T0D0) + DAY^-1 (A0E0L0I0M0H0T1D0) = A0E0L-3I0M1H0T-1D0; the vector exists locally and in published QUDT.,https://www.bipm.org/en/publications/si-brochure/|https://www.nist.gov/pml/special-publication-811/nist-guide-si-appendix-b8|current QUDT factor Units and quantitykind:MassConcentrationRateOfChange,"The synthesized description states only the factor expression, generic measurable kind, and conversion; it asserts no dataset-specific or ecological use.",Selected the generic or expression-specific current QUDT kind MassConcentrationRateOfChange; more specialized same-vector meanings were excluded because no source-variable context was supplied.,high,Exact qname is absent locally and published; human review should confirm label and symbol before submission.,Review as a new expression-preserving Unit reusing quantitykind:MassConcentrationRateOfChange and qkdv:A0E0L-3I0M1H0T-1D0.
unit-0042,GM-PER-CM3,existing-unit,http://qudt.org/vocab/unit/GM-PER-CentiM3,http://qudt.org/vocab/quantitykind/Density|http://qudt.org/vocab/quantitykind/MassDensity,http://qudt.org/vocab/dimensionvector/A0E0L-3I0M1H0T0D0,QUDT 6b8df6f4 aggregate graph contains unit:GM-PER-CentiM3. Submitted unit:GM-PER-CM3 is a spelling variant of the canonical factor token(s).,Live QUDT SPARQL 2026-09-07 returns unit:GM-PER-CentiM3. The submitted spelling unit:GM-PER-CM3 is absent.,http://qudt.org/vocab/unit/KiloGM-PER-M3,multiplier=1000.0; offset=0,0.001 kg / (0.01 m)^3 = 1000 kg/m³,true,Current local and published QUDT resource unit:GM-PER-CentiM3|https://www.bipm.org/en/publications/si-brochure/|https://www.nist.gov/pml/special-publication-811/nist-guide-si-appendix-b8,Existing current QUDT assignment retained; this review does not remodel an existing resource.,unitForQuantityKind,Existing current QUDT resource declares qkdv:A0E0L-3I0M1H0T0D0; local and published values agree.,Current local and published QUDT resource unit:GM-PER-CentiM3,No new description is drafted for an existing canonical resource.,Existing-resource identity controls disposition; no new semantic assertion is made.,high,Submitted CM3 is a noncanonical spelling of current QUDT CentiM3; no duplicate GM-PER-CM3 resource should be created.,Reuse unit:GM-PER-CentiM3; do not emit a duplicate Unit.
unit-0043,PPM-PER-SEC,needs-clarification,,,http://qudt.org/vocab/dimensionvector/A0E0L0I0M0H0T-1D0,QUDT 6b8df6f4 aggregate graph query 2026-09-07: exact Unit URI absent; constituent Units and qkdv:A0E0L0I0M0H0T-1D0 verified.,Live QUDT SPARQL 2026-09-07: exact Unit URI absent. No published semantic evidence resolves the missing measurement context.,http://qudt.org/vocab/unit/PER-SEC,multiplier=0.000001 to reciprocal second; offset=0,PPM^1=0.000001^1 × SEC^-1=1.0^-1; product = 0.000001 reciprocal second,true,https://www.bipm.org/en/publications/si-brochure/|current QUDT constituent multipliers at 6b8df6f429c45bc6fb0b25659d34f51954a148f9,No QuantityKind is asserted because the submitted expression and current QUDT do not distinguish the competing measurement meanings.,,Vector composition PPM^1 (A0E0L0I0M0H0T0D1) + SEC^-1 (A0E0L0I0M0H0T1D0) = A0E0L0I0M0H0T-1D0; the vector exists locally and in published QUDT.,Current QUDT factor and same-vector QuantityKind inventory|https://github.com/qudt/qudt-public-repo/wiki/Unit-Vocabulary-Submission-Guidelines,No Unit description or RDF is drafted until the semantic or conversion ambiguity is resolved.,"Mass fraction, mole fraction, volume fraction, and generic ratio-rate interpretations were considered; PPM alone does not choose among them.",low,"PPM does not state whether the proportion is mass, amount, volume, or another basis, and the measured rate of change is not supplied.","Confirm the source variable, measured numerator, denominator basis, and intended QuantityKind before drafting RDF."
unit-0044,MilliGM-PER-GM-DAY,needs-clarification,,,http://qudt.org/vocab/dimensionvector/A0E0L0I0M0H0T-1D0,QUDT 6b8df6f4 aggregate graph query 2026-09-07: exact Unit URI absent; constituent Units and qkdv:A0E0L0I0M0H0T-1D0 verified.,Live QUDT SPARQL 2026-09-07: exact Unit URI absent. No published semantic evidence resolves the missing measurement context.,http://qudt.org/vocab/unit/PER-SEC,multiplier=0.000000011574074074074074074074074074074074074074074074074 to reciprocal second; offset=0,MilliGM^1=0.000001^1 × GM^-1=0.001^-1 × DAY^-1=86400.0^-1; product = 0.000000011574074074074074074074074074074074074074074074074 reciprocal second,true,https://www.bipm.org/en/publications/si-brochure/|current QUDT constituent multipliers at 6b8df6f429c45bc6fb0b25659d34f51954a148f9,No QuantityKind is asserted because the submitted expression and current QUDT do not distinguish the competing measurement meanings.,,Vector composition MilliGM^1 (A0E0L0I0M1H0T0D0) + GM^-1 (A0E0L0I0M1H0T0D0) + DAY^-1 (A0E0L0I0M0H0T1D0) = A0E0L0I0M0H0T-1D0; the vector exists locally and in published QUDT.,Current QUDT factor and same-vector QuantityKind inventory|https://github.com/qudt/qudt-public-repo/wiki/Unit-Vocabulary-Submission-Guidelines,No Unit description or RDF is drafted until the semantic or conversion ambiguity is resolved.,"MassSpecificBiogeochemicalRate, generic RateOfChange, and process-specific normalized rates were considered; all require a measurand and denominator context.",low,"A mass/mass/time expression can represent a mass-specific process rate, fractional change rate, or another normalized rate. The numerator measurand and denominator basis were not supplied.","Confirm the source variable, measured numerator, denominator basis, and intended QuantityKind before drafting RDF."
unit-0045,MilliGM-PER-KiloGM-HR,needs-clarification,,,http://qudt.org/vocab/dimensionvector/A0E0L0I0M0H0T-1D0,QUDT 6b8df6f4 aggregate graph query 2026-09-07: exact Unit URI absent; constituent Units and qkdv:A0E0L0I0M0H0T-1D0 verified.,Live QUDT SPARQL 2026-09-07: exact Unit URI absent. No published semantic evidence resolves the missing measurement context.,http://qudt.org/vocab/unit/PER-SEC,multiplier=0.00000000027777777777777777777777777777777777777777777777778 to reciprocal second; offset=0,MilliGM^1=0.000001^1 × KiloGM^-1=1.0^-1 × HR^-1=3600.0^-1; product = 0.00000000027777777777777777777777777777777777777777777777778 reciprocal second,true,https://www.bipm.org/en/publications/si-brochure/|current QUDT constituent multipliers at 6b8df6f429c45bc6fb0b25659d34f51954a148f9,No QuantityKind is asserted because the submitted expression and current QUDT do not distinguish the competing measurement meanings.,,Vector composition MilliGM^1 (A0E0L0I0M1H0T0D0) + KiloGM^-1 (A0E0L0I0M1H0T0D0) + HR^-1 (A0E0L0I0M0H0T1D0) = A0E0L0I0M0H0T-1D0; the vector exists locally and in published QUDT.,Current QUDT factor and same-vector QuantityKind inventory|https://github.com/qudt/qudt-public-repo/wiki/Unit-Vocabulary-Submission-Guidelines,No Unit description or RDF is drafted until the semantic or conversion ambiguity is resolved.,"MassSpecificBiogeochemicalRate, generic RateOfChange, and process-specific normalized rates were considered; all require a measurand and denominator context.",low,"A mass/mass/time expression can represent a mass-specific process rate, fractional change rate, or another normalized rate. The numerator measurand and denominator basis were not supplied.","Confirm the source variable, measured numerator, denominator basis, and intended QuantityKind before drafting RDF."
unit-0046,MilliMOL-PER-SEC,ready-for-review,http://qudt.org/vocab/unit/MilliMOL-PER-SEC,http://qudt.org/vocab/quantitykind/MolarFlowRate,http://qudt.org/vocab/dimensionvector/A1E0L0I0M0H0T-1D0,"QUDT 6b8df6f4 aggregate graph query 2026-09-07: exact Unit URI absent; every factor Unit, quantitykind:MolarFlowRate, and qkdv:A1E0L0I0M0H0T-1D0 exists.",Live QUDT SPARQL 2026-09-07: exact Unit URI absent; reused QuantityKind and DimensionVector URIs verified. Expression identity is preserved rather than replaced by an algebraic equivalent.,http://qudt.org/vocab/unit/MOL-PER-SEC,multiplier=0.001; offset=0,MilliMOL^1=0.001^1 × SEC^-1=1.0^-1; product = 0.001 mole per second,true,https://www.bipm.org/en/publications/si-brochure/|https://www.nist.gov/pml/special-publication-811|current QUDT constituent multipliers at 6b8df6f429c45bc6fb0b25659d34f51954a148f9,Amount of substance divided by time follows current QUDT MOL-PER-SEC and its MolarFlowRate assignment.,unitForQuantityKind,Vector composition MilliMOL^1 (A1E0L0I0M0H0T0D0) + SEC^-1 (A0E0L0I0M0H0T1D0) = A1E0L0I0M0H0T-1D0; the vector exists locally and in published QUDT.,https://www.bipm.org/en/publications/si-brochure/|https://www.nist.gov/pml/special-publication-811/nist-guide-si-appendix-b8|current QUDT factor Units and quantitykind:MolarFlowRate,"The synthesized description states only the factor expression, generic measurable kind, and conversion; it asserts no dataset-specific or ecological use.",Selected the generic or expression-specific current QUDT kind MolarFlowRate; more specialized same-vector meanings were excluded because no source-variable context was supplied.,high,Exact qname is absent locally and published; human review should confirm label and symbol before submission.,Review as a new expression-preserving Unit reusing quantitykind:MolarFlowRate and qkdv:A1E0L0I0M0H0T-1D0.
unit-0047,NanoGM-PER-GM-DAY,needs-clarification,,,http://qudt.org/vocab/dimensionvector/A0E0L0I0M0H0T-1D0,QUDT 6b8df6f4 aggregate graph query 2026-09-07: exact Unit URI absent; constituent Units and qkdv:A0E0L0I0M0H0T-1D0 verified.,Live QUDT SPARQL 2026-09-07: exact Unit URI absent. No published semantic evidence resolves the missing measurement context.,http://qudt.org/vocab/unit/PER-SEC,multiplier=0.000000000000011574074074074074074074074074074074074074074074074 to reciprocal second; offset=0,NanoGM^1=0.000000000001^1 × GM^-1=0.001^-1 × DAY^-1=86400.0^-1; product = 0.000000000000011574074074074074074074074074074074074074074074074 reciprocal second,true,https://www.bipm.org/en/publications/si-brochure/|current QUDT constituent multipliers at 6b8df6f429c45bc6fb0b25659d34f51954a148f9,No QuantityKind is asserted because the submitted expression and current QUDT do not distinguish the competing measurement meanings.,,Vector composition NanoGM^1 (A0E0L0I0M1H0T0D0) + GM^-1 (A0E0L0I0M1H0T0D0) + DAY^-1 (A0E0L0I0M0H0T1D0) = A0E0L0I0M0H0T-1D0; the vector exists locally and in published QUDT.,Current QUDT factor and same-vector QuantityKind inventory|https://github.com/qudt/qudt-public-repo/wiki/Unit-Vocabulary-Submission-Guidelines,No Unit description or RDF is drafted until the semantic or conversion ambiguity is resolved.,"MassSpecificBiogeochemicalRate, generic RateOfChange, and process-specific normalized rates were considered; all require a measurand and denominator context.",low,"A mass/mass/time expression can represent a mass-specific process rate, fractional change rate, or another normalized rate. The numerator measurand and denominator basis were not supplied.","Confirm the source variable, measured numerator, denominator basis, and intended QuantityKind before drafting RDF."
unit-0048,NanoMOL-PER-GM-DAY,needs-clarification,,,http://qudt.org/vocab/dimensionvector/A1E0L0I0M-1H0T-1D0,QUDT 6b8df6f4 aggregate graph query 2026-09-07: exact Unit URI absent; constituent Units and qkdv:A1E0L0I0M-1H0T-1D0 verified.,Live QUDT SPARQL 2026-09-07: exact Unit URI absent. No published semantic evidence resolves the missing measurement context.,,multiplier=0.000000000011574074074074074074074074074074074074074074074074 to coherent mol kg^-1 s^-1; offset=0,NanoMOL^1=0.000000001^1 × GM^-1=0.001^-1 × DAY^-1=86400.0^-1; product = 0.000000000011574074074074074074074074074074074074074074074074 the coherent SI unit,true,https://www.bipm.org/en/publications/si-brochure/|current QUDT constituent multipliers at 6b8df6f429c45bc6fb0b25659d34f51954a148f9,No QuantityKind is asserted because the submitted expression and current QUDT do not distinguish the competing measurement meanings.,,Vector composition NanoMOL^1 (A1E0L0I0M0H0T0D0) + GM^-1 (A0E0L0I0M1H0T0D0) + DAY^-1 (A0E0L0I0M0H0T1D0) = A1E0L0I0M-1H0T-1D0; the vector exists locally and in published QUDT.,Current QUDT factor and same-vector QuantityKind inventory|https://github.com/qudt/qudt-public-repo/wiki/Unit-Vocabulary-Submission-Guidelines,No Unit description or RDF is drafted until the semantic or conversion ambiguity is resolved.,BiogeochemicalRate and process-specific amount rates were considered; both require substance and process context.,low,"An amount/mass/time expression can represent a biogeochemical process rate or another mass-normalized amount rate. The reacting substance, process, and denominator entity were not supplied.","Confirm the source variable, measured numerator, denominator basis, and intended QuantityKind before drafting RDF."
unit-0049,NanoMOL-PER-MilliL,ready-for-review,http://qudt.org/vocab/unit/NanoMOL-PER-MilliL,http://qudt.org/vocab/quantitykind/AmountOfSubstanceConcentration,http://qudt.org/vocab/dimensionvector/A1E0L-3I0M0H0T0D0,"QUDT 6b8df6f4 aggregate graph query 2026-09-07: exact Unit URI absent; every factor Unit, quantitykind:AmountOfSubstanceConcentration, and qkdv:A1E0L-3I0M0H0T0D0 exists.",Live QUDT SPARQL 2026-09-07: exact Unit URI absent; reused QuantityKind and DimensionVector URIs verified. Expression identity is preserved rather than replaced by an algebraic equivalent.,http://qudt.org/vocab/unit/MOL-PER-M3,multiplier=0.001; offset=0,NanoMOL^1=0.000000001^1 × MilliL^-1=0.000001^-1; product = 0.001 mole per cubic metre,true,https://www.bipm.org/en/publications/si-brochure/|https://www.nist.gov/pml/special-publication-811|current QUDT constituent multipliers at 6b8df6f429c45bc6fb0b25659d34f51954a148f9,Amount of substance divided by volume matches the current AmountOfSubstanceConcentration kind.,unitForQuantityKind,Vector composition NanoMOL^1 (A1E0L0I0M0H0T0D0) + MilliL^-1 (A0E0L3I0M0H0T0D0) = A1E0L-3I0M0H0T0D0; the vector exists locally and in published QUDT.,https://www.bipm.org/en/publications/si-brochure/|https://www.nist.gov/pml/special-publication-811/nist-guide-si-appendix-b8|current QUDT factor Units and quantitykind:AmountOfSubstanceConcentration,"The synthesized description states only the factor expression, generic measurable kind, and conversion; it asserts no dataset-specific or ecological use.",Selected the generic or expression-specific current QUDT kind AmountOfSubstanceConcentration; more specialized same-vector meanings were excluded because no source-variable context was supplied.,high,Exact qname is absent locally and published; human review should confirm label and symbol before submission.,Review as a new expression-preserving Unit reusing quantitykind:AmountOfSubstanceConcentration and qkdv:A1E0L-3I0M0H0T0D0.
unit-0050,MicroGM-PER-MilliL-DAY,ready-for-review,http://qudt.org/vocab/unit/MicroGM-PER-MilliL-DAY,http://qudt.org/vocab/quantitykind/MassConcentrationRateOfChange,http://qudt.org/vocab/dimensionvector/A0E0L-3I0M1H0T-1D0,"QUDT 6b8df6f4 aggregate graph query 2026-09-07: exact Unit URI absent; every factor Unit, quantitykind:MassConcentrationRateOfChange, and qkdv:A0E0L-3I0M1H0T-1D0 exists.",Live QUDT SPARQL 2026-09-07: exact Unit URI absent; reused QuantityKind and DimensionVector URIs verified. Expression identity is preserved rather than replaced by an algebraic equivalent.,http://qudt.org/vocab/unit/KiloGM-PER-M3-SEC,multiplier=0.000000011574074074074074074074074074074074074074074074074; offset=0,MicroGM^1=0.000000001^1 × MilliL^-1=0.000001^-1 × DAY^-1=86400.0^-1; product = 0.000000011574074074074074074074074074074074074074074074074 kilogram per cubic metre second,true,https://www.bipm.org/en/publications/si-brochure/|https://www.nist.gov/pml/special-publication-811|current QUDT constituent multipliers at 6b8df6f429c45bc6fb0b25659d34f51954a148f9,Mass divided by volume and time matches the current MassConcentrationRateOfChange kind.,unitForQuantityKind,Vector composition MicroGM^1 (A0E0L0I0M1H0T0D0) + MilliL^-1 (A0E0L3I0M0H0T0D0) + DAY^-1 (A0E0L0I0M0H0T1D0) = A0E0L-3I0M1H0T-1D0; the vector exists locally and in published QUDT.,https://www.bipm.org/en/publications/si-brochure/|https://www.nist.gov/pml/special-publication-811/nist-guide-si-appendix-b8|current QUDT factor Units and quantitykind:MassConcentrationRateOfChange,"The synthesized description states only the factor expression, generic measurable kind, and conversion; it asserts no dataset-specific or ecological use.",Selected the generic or expression-specific current QUDT kind MassConcentrationRateOfChange; more specialized same-vector meanings were excluded because no source-variable context was supplied.,high,Exact qname is absent locally and published; human review should confirm label and symbol before submission.,Review as a new expression-preserving Unit reusing quantitykind:MassConcentrationRateOfChange and qkdv:A0E0L-3I0M1H0T-1D0.
unit-0051,MicroGM-PER-MilliM2,ready-for-review,http://qudt.org/vocab/unit/MicroGM-PER-MilliM2,http://qudt.org/vocab/quantitykind/MassPerArea,http://qudt.org/vocab/dimensionvector/A0E0L-2I0M1H0T0D0,"QUDT 6b8df6f4 aggregate graph query 2026-09-07: exact Unit URI absent; every factor Unit, quantitykind:MassPerArea, and qkdv:A0E0L-2I0M1H0T0D0 exists.",Live QUDT SPARQL 2026-09-07: exact Unit URI absent; reused QuantityKind and DimensionVector URIs verified. Expression identity is preserved rather than replaced by an algebraic equivalent.,http://qudt.org/vocab/unit/KiloGM-PER-M2,multiplier=0.001; offset=0,MicroGM^1=0.000000001^1 × MilliM^-2=0.001^-2; product = 0.001 kilogram per square metre,true,https://www.bipm.org/en/publications/si-brochure/|https://www.nist.gov/pml/special-publication-811|current QUDT constituent multipliers at 6b8df6f429c45bc6fb0b25659d34f51954a148f9,Mass divided by area matches the current generic MassPerArea kind.,unitForQuantityKind,Vector composition MicroGM^1 (A0E0L0I0M1H0T0D0) + MilliM^-2 (A0E0L1I0M0H0T0D0) = A0E0L-2I0M1H0T0D0; the vector exists locally and in published QUDT.,https://www.bipm.org/en/publications/si-brochure/|https://www.nist.gov/pml/special-publication-811/nist-guide-si-appendix-b8|current QUDT factor Units and quantitykind:MassPerArea,"The synthesized description states only the factor expression, generic measurable kind, and conversion; it asserts no dataset-specific or ecological use.",Selected the generic or expression-specific current QUDT kind MassPerArea; more specialized same-vector meanings were excluded because no source-variable context was supplied.,high,Exact qname is absent locally and published; human review should confirm label and symbol before submission.,Review as a new expression-preserving Unit reusing quantitykind:MassPerArea and qkdv:A0E0L-2I0M1H0T0D0.
unit-0052,MicroMOL-PER-MOLE,existing-unit,http://qudt.org/vocab/unit/MicroMOL-PER-MOL,http://qudt.org/vocab/quantitykind/Unknown,http://qudt.org/vocab/dimensionvector/A0E0L0I0M0H0T0D1,QUDT 6b8df6f4 aggregate graph contains unit:MicroMOL-PER-MOL. Submitted unit:MicroMOL-PER-MOLE is a spelling variant of the canonical factor token(s).,Live QUDT SPARQL 2026-09-07 returns unit:MicroMOL-PER-MOL. The submitted spelling unit:MicroMOL-PER-MOLE is absent.,http://qudt.org/vocab/unit/MOL-PER-MOL,multiplier=0.000001; offset=0,0.000001 mol / 1 mol = 0.000001,true,Current local and published QUDT resource unit:MicroMOL-PER-MOL|https://www.bipm.org/en/publications/si-brochure/|https://www.nist.gov/pml/special-publication-811/nist-guide-si-appendix-b8,Existing current QUDT assignment retained; this review does not remodel an existing resource.,categorizedByQuantityKind,Existing current QUDT resource declares qkdv:A0E0L0I0M0H0T0D1; local and published values agree.,Current local and published QUDT resource unit:MicroMOL-PER-MOL,No new description is drafted for an existing canonical resource.,Existing-resource identity controls disposition; no new semantic assertion is made.,high,"Submitted MOLE is an alternate spelling of current QUDT MOL. The canonical resource is categorized as quantitykind:Unknown, so this run does not infer a more specific kind.",Reuse unit:MicroMOL-PER-MOL; do not emit a duplicate Unit.
unit-0053,BQ-PER-MilliGM,ready-for-review,http://qudt.org/vocab/unit/BQ-PER-MilliGM,http://qudt.org/vocab/quantitykind/MassicActivity,http://qudt.org/vocab/dimensionvector/A0E0L0I0M-1H0T-1D0,"QUDT 6b8df6f4 aggregate graph query 2026-09-07: exact Unit URI absent; every factor Unit, quantitykind:MassicActivity, and qkdv:A0E0L0I0M-1H0T-1D0 exists.",Live QUDT SPARQL 2026-09-07: exact Unit URI absent; reused QuantityKind and DimensionVector URIs verified. Expression identity is preserved rather than replaced by an algebraic equivalent.,http://qudt.org/vocab/unit/BQ-PER-KiloGM,multiplier=1000000.0; offset=0,BQ^1=1.0^1 × MilliGM^-1=0.000001^-1; product = 1000000.0 becquerel per kilogram,true,https://www.bipm.org/en/publications/si-brochure/|https://www.nist.gov/pml/special-publication-811|current QUDT constituent multipliers at 6b8df6f429c45bc6fb0b25659d34f51954a148f9,Activity divided by mass matches the current MassicActivity kind.,unitForQuantityKind,Vector composition BQ^1 (A0E0L0I0M0H0T-1D0) + MilliGM^-1 (A0E0L0I0M1H0T0D0) = A0E0L0I0M-1H0T-1D0; the vector exists locally and in published QUDT.,https://www.bipm.org/en/publications/si-brochure/|https://www.nist.gov/pml/special-publication-811/nist-guide-si-appendix-b8|current QUDT factor Units and quantitykind:MassicActivity,"The synthesized description states only the factor expression, generic measurable kind, and conversion; it asserts no dataset-specific or ecological use.",Selected the generic or expression-specific current QUDT kind MassicActivity; more specialized same-vector meanings were excluded because no source-variable context was supplied.,high,Exact qname is absent locally and published; human review should confirm label and symbol before submission.,Review as a new expression-preserving Unit reusing quantitykind:MassicActivity and qkdv:A0E0L0I0M-1H0T-1D0.
unit-0054,MicroM3-PER-L,ready-for-review,http://qudt.org/vocab/unit/MicroM3-PER-L,http://qudt.org/vocab/quantitykind/VolumeFraction,http://qudt.org/vocab/dimensionvector/A0E0L0I0M0H0T0D1,"QUDT 6b8df6f4 aggregate graph query 2026-09-07: exact Unit URI absent; every factor Unit, quantitykind:VolumeFraction, and qkdv:A0E0L0I0M0H0T0D1 exists.",Live QUDT SPARQL 2026-09-07: exact Unit URI absent; reused QuantityKind and DimensionVector URIs verified. Expression identity is preserved rather than replaced by an algebraic equivalent.,http://qudt.org/vocab/unit/UNITLESS,multiplier=0.000000000000001; offset=0,MicroM^3=0.000001^3 × L^-1=0.001^-1; product = 0.000000000000001 one,true,https://www.bipm.org/en/publications/si-brochure/|https://www.nist.gov/pml/special-publication-811|current QUDT constituent multipliers at 6b8df6f429c45bc6fb0b25659d34f51954a148f9,The volume-to-volume expression follows current QUDT scaled volume-ratio units assigned to VolumeFraction.,unitForQuantityKind,Vector composition MicroM^3 (A0E0L1I0M0H0T0D0) + L^-1 (A0E0L3I0M0H0T0D0) = A0E0L0I0M0H0T0D1; the vector exists locally and in published QUDT.,https://www.bipm.org/en/publications/si-brochure/|https://www.nist.gov/pml/special-publication-811/nist-guide-si-appendix-b8|current QUDT factor Units and quantitykind:VolumeFraction,"The synthesized description states only the factor expression, generic measurable kind, and conversion; it asserts no dataset-specific or ecological use.",Selected the generic or expression-specific current QUDT kind VolumeFraction; more specialized same-vector meanings were excluded because no source-variable context was supplied.,high,Exact qname is absent locally and published; human review should confirm label and symbol before submission.,Review as a new expression-preserving Unit reusing quantitykind:VolumeFraction and qkdv:A0E0L0I0M0H0T0D1.
unit-0055,MicroMOL-PER-GM-DAY,needs-clarification,,,http://qudt.org/vocab/dimensionvector/A1E0L0I0M-1H0T-1D0,QUDT 6b8df6f4 aggregate graph query 2026-09-07: exact Unit URI absent; constituent Units and qkdv:A1E0L0I0M-1H0T-1D0 verified.,Live QUDT SPARQL 2026-09-07: exact Unit URI absent. No published semantic evidence resolves the missing measurement context.,,multiplier=0.000000011574074074074074074074074074074074074074074074074 to coherent mol kg^-1 s^-1; offset=0,MicroMOL^1=0.000001^1 × GM^-1=0.001^-1 × DAY^-1=86400.0^-1; product = 0.000000011574074074074074074074074074074074074074074074074 the coherent SI unit,true,https://www.bipm.org/en/publications/si-brochure/|current QUDT constituent multipliers at 6b8df6f429c45bc6fb0b25659d34f51954a148f9,No QuantityKind is asserted because the submitted expression and current QUDT do not distinguish the competing measurement meanings.,,Vector composition MicroMOL^1 (A1E0L0I0M0H0T0D0) + GM^-1 (A0E0L0I0M1H0T0D0) + DAY^-1 (A0E0L0I0M0H0T1D0) = A1E0L0I0M-1H0T-1D0; the vector exists locally and in published QUDT.,Current QUDT factor and same-vector QuantityKind inventory|https://github.com/qudt/qudt-public-repo/wiki/Unit-Vocabulary-Submission-Guidelines,No Unit description or RDF is drafted until the semantic or conversion ambiguity is resolved.,BiogeochemicalRate and process-specific amount rates were considered; both require substance and process context.,low,"An amount/mass/time expression can represent a biogeochemical process rate or another mass-normalized amount rate. The reacting substance, process, and denominator entity were not supplied.","Confirm the source variable, measured numerator, denominator basis, and intended QuantityKind before drafting RDF."
unit-0056,MicroMOL-PER-MilliGM,ready-for-review,http://qudt.org/vocab/unit/MicroMOL-PER-MilliGM,http://qudt.org/vocab/quantitykind/AmountOfSubstancePerMass,http://qudt.org/vocab/dimensionvector/A1E0L0I0M-1H0T0D0,"QUDT 6b8df6f4 aggregate graph query 2026-09-07: exact Unit URI absent; every factor Unit, quantitykind:AmountOfSubstancePerMass, and qkdv:A1E0L0I0M-1H0T0D0 exists.",Live QUDT SPARQL 2026-09-07: exact Unit URI absent; reused QuantityKind and DimensionVector URIs verified. Expression identity is preserved rather than replaced by an algebraic equivalent.,http://qudt.org/vocab/unit/MOL-PER-KiloGM,multiplier=1.0; offset=0,MicroMOL^1=0.000001^1 × MilliGM^-1=0.000001^-1; product = 1.0 mole per kilogram,true,https://www.bipm.org/en/publications/si-brochure/|https://www.nist.gov/pml/special-publication-811|current QUDT constituent multipliers at 6b8df6f429c45bc6fb0b25659d34f51954a148f9,Amount of substance divided by mass matches the current AmountOfSubstancePerMass kind.,unitForQuantityKind,Vector composition MicroMOL^1 (A1E0L0I0M0H0T0D0) + MilliGM^-1 (A0E0L0I0M1H0T0D0) = A1E0L0I0M-1H0T0D0; the vector exists locally and in published QUDT.,https://www.bipm.org/en/publications/si-brochure/|https://www.nist.gov/pml/special-publication-811/nist-guide-si-appendix-b8|current QUDT factor Units and quantitykind:AmountOfSubstancePerMass,"The synthesized description states only the factor expression, generic measurable kind, and conversion; it asserts no dataset-specific or ecological use.",Selected the generic or expression-specific current QUDT kind AmountOfSubstancePerMass; more specialized same-vector meanings were excluded because no source-variable context was supplied.,high,Exact qname is absent locally and published; human review should confirm label and symbol before submission.,Review as a new expression-preserving Unit reusing quantitykind:AmountOfSubstancePerMass and qkdv:A1E0L0I0M-1H0T0D0.
unit-0057,MilliGM-PER-GM-MO,blocked-conversion,,,http://qudt.org/vocab/dimensionvector/A0E0L0I0M0H0T-1D0,QUDT 6b8df6f4 aggregate graph query 2026-09-07: exact Unit URI absent; constituent Units and qkdv:A0E0L0I0M0H0T-1D0 verified.,Live QUDT SPARQL 2026-09-07: exact Unit URI absent. No published semantic evidence resolves the missing measurement context.,http://qudt.org/vocab/unit/PER-SEC,QUDT synodic-month basis and UCUM month conventions produce different multipliers,QUDT unit:MO = 2551442.976 s; an alternative month convention must not be substituted without source confirmation,false,Current QUDT unit:MO at 6b8df6f429c45bc6fb0b25659d34f51954a148f9|https://ucum.org/ucum.html,No QuantityKind is asserted because the submitted expression and current QUDT do not distinguish the competing measurement meanings.,,Vector composition MilliGM^1 (A0E0L0I0M1H0T0D0) + GM^-1 (A0E0L0I0M1H0T0D0) = A0E0L0I0M0H0T-1D0; the vector exists locally and in published QUDT.,Current QUDT factor and same-vector QuantityKind inventory|https://ucum.org/ucum.html,No Unit description or RDF is drafted until the semantic or conversion ambiguity is resolved.,Synodic-month and Julian/calendar-month conversions were considered; the submitted token does not resolve the source convention.,low,"Bare MO is 2551442.976 s (synodic month) in current QUDT, while UCUM month conventions differ. Selecting either value without the source convention would change the conversion.","Confirm whether MO means QUDT's synodic month, a Julian month, or a calendar month; then recompute and review semantics."
unit-0058,GM-PER-HA-YR,ready-for-review,http://qudt.org/vocab/unit/GM-PER-HA-YR,http://qudt.org/vocab/quantitykind/MassPerAreaTime,http://qudt.org/vocab/dimensionvector/A0E0L-2I0M1H0T-1D0,"QUDT 6b8df6f4 aggregate graph query 2026-09-07: exact Unit URI absent; every factor Unit, quantitykind:MassPerAreaTime, and qkdv:A0E0L-2I0M1H0T-1D0 exists.",Live QUDT SPARQL 2026-09-07: exact Unit URI absent; reused QuantityKind and DimensionVector URIs verified. Expression identity is preserved rather than replaced by an algebraic equivalent.,http://qudt.org/vocab/unit/KiloGM-PER-M2-SEC,multiplier=0.0000000000000031688087814028950237026896848936547772961188430045; offset=0,GM^1=0.001^1 × HA^-1=10000.0^-1 × YR^-1=31557600.0^-1; product = 0.0000000000000031688087814028950237026896848936547772961188430045 kilogram per square metre second,true,https://www.bipm.org/en/publications/si-brochure/|https://www.nist.gov/pml/special-publication-811|current QUDT constituent multipliers at 6b8df6f429c45bc6fb0b25659d34f51954a148f9,Mass divided by area and time matches the current MassPerAreaTime kind.,unitForQuantityKind,Vector composition GM^1 (A0E0L0I0M1H0T0D0) + HA^-1 (A0E0L2I0M0H0T0D0) + YR^-1 (A0E0L0I0M0H0T1D0) = A0E0L-2I0M1H0T-1D0; the vector exists locally and in published QUDT.,https://www.bipm.org/en/publications/si-brochure/|https://www.nist.gov/pml/special-publication-811/nist-guide-si-appendix-b8|current QUDT factor Units and quantitykind:MassPerAreaTime,"The synthesized description states only the factor expression, generic measurable kind, and conversion; it asserts no dataset-specific or ecological use.",Selected the generic or expression-specific current QUDT kind MassPerAreaTime; more specialized same-vector meanings were excluded because no source-variable context was supplied.,high,Exact qname is absent locally and published; human review should confirm label and symbol before submission.,Review as a new expression-preserving Unit reusing quantitykind:MassPerAreaTime and qkdv:A0E0L-2I0M1H0T-1D0.
unit-0059,GM-PER-M3-DAY,ready-for-review,http://qudt.org/vocab/unit/GM-PER-M3-DAY,http://qudt.org/vocab/quantitykind/MassConcentrationRateOfChange,http://qudt.org/vocab/dimensionvector/A0E0L-3I0M1H0T-1D0,"QUDT 6b8df6f4 aggregate graph query 2026-09-07: exact Unit URI absent; every factor Unit, quantitykind:MassConcentrationRateOfChange, and qkdv:A0E0L-3I0M1H0T-1D0 exists.",Live QUDT SPARQL 2026-09-07: exact Unit URI absent; reused QuantityKind and DimensionVector URIs verified. Expression identity is preserved rather than replaced by an algebraic equivalent.,http://qudt.org/vocab/unit/KiloGM-PER-M3-SEC,multiplier=0.000000011574074074074074074074074074074074074074074074074; offset=0,GM^1=0.001^1 × M^-3=1.0^-3 × DAY^-1=86400.0^-1; product = 0.000000011574074074074074074074074074074074074074074074074 kilogram per cubic metre second,true,https://www.bipm.org/en/publications/si-brochure/|https://www.nist.gov/pml/special-publication-811|current QUDT constituent multipliers at 6b8df6f429c45bc6fb0b25659d34f51954a148f9,Mass divided by volume and time matches the current MassConcentrationRateOfChange kind.,unitForQuantityKind,Vector composition GM^1 (A0E0L0I0M1H0T0D0) + M^-3 (A0E0L1I0M0H0T0D0) + DAY^-1 (A0E0L0I0M0H0T1D0) = A0E0L-3I0M1H0T-1D0; the vector exists locally and in published QUDT.,https://www.bipm.org/en/publications/si-brochure/|https://www.nist.gov/pml/special-publication-811/nist-guide-si-appendix-b8|current QUDT factor Units and quantitykind:MassConcentrationRateOfChange,"The synthesized description states only the factor expression, generic measurable kind, and conversion; it asserts no dataset-specific or ecological use.",Selected the generic or expression-specific current QUDT kind MassConcentrationRateOfChange; more specialized same-vector meanings were excluded because no source-variable context was supplied.,high,Exact qname is absent locally and published; human review should confirm label and symbol before submission.,Review as a new expression-preserving Unit reusing quantitykind:MassConcentrationRateOfChange and qkdv:A0E0L-3I0M1H0T-1D0.
unit-0060,GM-PER-M3-YR,ready-for-review,http://qudt.org/vocab/unit/GM-PER-M3-YR,http://qudt.org/vocab/quantitykind/MassConcentrationRateOfChange,http://qudt.org/vocab/dimensionvector/A0E0L-3I0M1H0T-1D0,"QUDT 6b8df6f4 aggregate graph query 2026-09-07: exact Unit URI absent; every factor Unit, quantitykind:MassConcentrationRateOfChange, and qkdv:A0E0L-3I0M1H0T-1D0 exists.",Live QUDT SPARQL 2026-09-07: exact Unit URI absent; reused QuantityKind and DimensionVector URIs verified. Expression identity is preserved rather than replaced by an algebraic equivalent.,http://qudt.org/vocab/unit/KiloGM-PER-M3-SEC,multiplier=0.000000000031688087814028950237026896848936547772961188430045; offset=0,GM^1=0.001^1 × M^-3=1.0^-3 × YR^-1=31557600.0^-1; product = 0.000000000031688087814028950237026896848936547772961188430045 kilogram per cubic metre second,true,https://www.bipm.org/en/publications/si-brochure/|https://www.nist.gov/pml/special-publication-811|current QUDT constituent multipliers at 6b8df6f429c45bc6fb0b25659d34f51954a148f9,Mass divided by volume and time matches the current MassConcentrationRateOfChange kind.,unitForQuantityKind,Vector composition GM^1 (A0E0L0I0M1H0T0D0) + M^-3 (A0E0L1I0M0H0T0D0) + YR^-1 (A0E0L0I0M0H0T1D0) = A0E0L-3I0M1H0T-1D0; the vector exists locally and in published QUDT.,https://www.bipm.org/en/publications/si-brochure/|https://www.nist.gov/pml/special-publication-811/nist-guide-si-appendix-b8|current QUDT factor Units and quantitykind:MassConcentrationRateOfChange,"The synthesized description states only the factor expression, generic measurable kind, and conversion; it asserts no dataset-specific or ecological use.",Selected the generic or expression-specific current QUDT kind MassConcentrationRateOfChange; more specialized same-vector meanings were excluded because no source-variable context was supplied.,high,Exact qname is absent locally and published; human review should confirm label and symbol before submission.,Review as a new expression-preserving Unit reusing quantitykind:MassConcentrationRateOfChange and qkdv:A0E0L-3I0M1H0T-1D0.
unit-0061,MicroBQ-PER-GM,ready-for-review,http://qudt.org/vocab/unit/MicroBQ-PER-GM,http://qudt.org/vocab/quantitykind/MassicActivity,http://qudt.org/vocab/dimensionvector/A0E0L0I0M-1H0T-1D0,"QUDT 6b8df6f4 aggregate graph query 2026-09-07: exact Unit URI absent; every factor Unit, quantitykind:MassicActivity, and qkdv:A0E0L0I0M-1H0T-1D0 exists.",Live QUDT SPARQL 2026-09-07: exact Unit URI absent; reused QuantityKind and DimensionVector URIs verified. Expression identity is preserved rather than replaced by an algebraic equivalent.,http://qudt.org/vocab/unit/BQ-PER-KiloGM,multiplier=0.001; offset=0,MicroBQ^1=0.000001^1 × GM^-1=0.001^-1; product = 0.001 becquerel per kilogram,true,https://www.bipm.org/en/publications/si-brochure/|https://www.nist.gov/pml/special-publication-811|current QUDT constituent multipliers at 6b8df6f429c45bc6fb0b25659d34f51954a148f9,Activity divided by mass matches the current MassicActivity kind.,unitForQuantityKind,Vector composition MicroBQ^1 (A0E0L0I0M0H0T-1D0) + GM^-1 (A0E0L0I0M1H0T0D0) = A0E0L0I0M-1H0T-1D0; the vector exists locally and in published QUDT.,https://www.bipm.org/en/publications/si-brochure/|https://www.nist.gov/pml/special-publication-811/nist-guide-si-appendix-b8|current QUDT factor Units and quantitykind:MassicActivity,"The synthesized description states only the factor expression, generic measurable kind, and conversion; it asserts no dataset-specific or ecological use.",Selected the generic or expression-specific current QUDT kind MassicActivity; more specialized same-vector meanings were excluded because no source-variable context was supplied.,high,Exact qname is absent locally and published; human review should confirm label and symbol before submission.,Review as a new expression-preserving Unit reusing quantitykind:MassicActivity and qkdv:A0E0L0I0M-1H0T-1D0.
unit-0062,MicroGM-PER-GM-MIN,needs-clarification,,,http://qudt.org/vocab/dimensionvector/A0E0L0I0M0H0T-1D0,QUDT 6b8df6f4 aggregate graph query 2026-09-07: exact Unit URI absent; constituent Units and qkdv:A0E0L0I0M0H0T-1D0 verified.,Live QUDT SPARQL 2026-09-07: exact Unit URI absent. No published semantic evidence resolves the missing measurement context.,http://qudt.org/vocab/unit/PER-SEC,multiplier=0.000000016666666666666666666666666666666666666666666666667 to reciprocal second; offset=0,MicroGM^1=0.000000001^1 × GM^-1=0.001^-1 × MIN^-1=60.0^-1; product = 0.000000016666666666666666666666666666666666666666666666667 reciprocal second,true,https://www.bipm.org/en/publications/si-brochure/|current QUDT constituent multipliers at 6b8df6f429c45bc6fb0b25659d34f51954a148f9,No QuantityKind is asserted because the submitted expression and current QUDT do not distinguish the competing measurement meanings.,,Vector composition MicroGM^1 (A0E0L0I0M1H0T0D0) + GM^-1 (A0E0L0I0M1H0T0D0) + MIN^-1 (A0E0L0I0M0H0T1D0) = A0E0L0I0M0H0T-1D0; the vector exists locally and in published QUDT.,Current QUDT factor and same-vector QuantityKind inventory|https://github.com/qudt/qudt-public-repo/wiki/Unit-Vocabulary-Submission-Guidelines,No Unit description or RDF is drafted until the semantic or conversion ambiguity is resolved.,"MassSpecificBiogeochemicalRate, generic RateOfChange, and process-specific normalized rates were considered; all require a measurand and denominator context.",low,"A mass/mass/time expression can represent a mass-specific process rate, fractional change rate, or another normalized rate. The numerator measurand and denominator basis were not supplied.","Confirm the source variable, measured numerator, denominator basis, and intended QuantityKind before drafting RDF."
unit-0063,MicroMOL-PER-M3,ready-for-review,http://qudt.org/vocab/unit/MicroMOL-PER-M3,http://qudt.org/vocab/quantitykind/AmountOfSubstanceConcentration,http://qudt.org/vocab/dimensionvector/A1E0L-3I0M0H0T0D0,"QUDT 6b8df6f4 aggregate graph query 2026-09-07: exact Unit URI absent; every factor Unit, quantitykind:AmountOfSubstanceConcentration, and qkdv:A1E0L-3I0M0H0T0D0 exists.",Live QUDT SPARQL 2026-09-07: exact Unit URI absent; reused QuantityKind and DimensionVector URIs verified. Expression identity is preserved rather than replaced by an algebraic equivalent.,http://qudt.org/vocab/unit/MOL-PER-M3,multiplier=0.000001; offset=0,MicroMOL^1=0.000001^1 × M^-3=1.0^-3; product = 0.000001 mole per cubic metre,true,https://www.bipm.org/en/publications/si-brochure/|https://www.nist.gov/pml/special-publication-811|current QUDT constituent multipliers at 6b8df6f429c45bc6fb0b25659d34f51954a148f9,Amount of substance divided by volume matches the current AmountOfSubstanceConcentration kind.,unitForQuantityKind,Vector composition MicroMOL^1 (A1E0L0I0M0H0T0D0) + M^-3 (A0E0L1I0M0H0T0D0) = A1E0L-3I0M0H0T0D0; the vector exists locally and in published QUDT.,https://www.bipm.org/en/publications/si-brochure/|https://www.nist.gov/pml/special-publication-811/nist-guide-si-appendix-b8|current QUDT factor Units and quantitykind:AmountOfSubstanceConcentration,"The synthesized description states only the factor expression, generic measurable kind, and conversion; it asserts no dataset-specific or ecological use.",Selected the generic or expression-specific current QUDT kind AmountOfSubstanceConcentration; more specialized same-vector meanings were excluded because no source-variable context was supplied.,high,Exact qname is absent locally and published; human review should confirm label and symbol before submission.,Review as a new expression-preserving Unit reusing quantitykind:AmountOfSubstanceConcentration and qkdv:A1E0L-3I0M0H0T0D0.
unit-0064,MicroMOL-PER-HR-MilliGM,needs-clarification,,,http://qudt.org/vocab/dimensionvector/A1E0L0I0M-1H0T-1D0,QUDT 6b8df6f4 aggregate graph query 2026-09-07: exact Unit URI absent; constituent Units and qkdv:A1E0L0I0M-1H0T-1D0 verified.,Live QUDT SPARQL 2026-09-07: exact Unit URI absent. No published semantic evidence resolves the missing measurement context.,,multiplier=0.00027777777777777777777777777777777777777777777777778 to coherent mol kg^-1 s^-1; offset=0,MicroMOL^1=0.000001^1 × HR^-1=3600.0^-1 × MilliGM^-1=0.000001^-1; product = 0.00027777777777777777777777777777777777777777777777778 the coherent SI unit,true,https://www.bipm.org/en/publications/si-brochure/|current QUDT constituent multipliers at 6b8df6f429c45bc6fb0b25659d34f51954a148f9,No QuantityKind is asserted because the submitted expression and current QUDT do not distinguish the competing measurement meanings.,,Vector composition MicroMOL^1 (A1E0L0I0M0H0T0D0) + HR^-1 (A0E0L0I0M0H0T1D0) + MilliGM^-1 (A0E0L0I0M1H0T0D0) = A1E0L0I0M-1H0T-1D0; the vector exists locally and in published QUDT.,Current QUDT factor and same-vector QuantityKind inventory|https://github.com/qudt/qudt-public-repo/wiki/Unit-Vocabulary-Submission-Guidelines,No Unit description or RDF is drafted until the semantic or conversion ambiguity is resolved.,BiogeochemicalRate and process-specific amount rates were considered; both require substance and process context.,low,"An amount/mass/time expression can represent a biogeochemical process rate or another mass-normalized amount rate. The reacting substance, process, and denominator entity were not supplied.","Confirm the source variable, measured numerator, denominator basis, and intended QuantityKind before drafting RDF."
unit-0065,MilliL-PER-MilliL,ready-for-review,http://qudt.org/vocab/unit/MilliL-PER-MilliL,http://qudt.org/vocab/quantitykind/VolumeFraction,http://qudt.org/vocab/dimensionvector/A0E0L0I0M0H0T0D1,"QUDT 6b8df6f4 aggregate graph query 2026-09-07: exact Unit URI absent; every factor Unit, quantitykind:VolumeFraction, and qkdv:A0E0L0I0M0H0T0D1 exists.",Live QUDT SPARQL 2026-09-07: exact Unit URI absent; reused QuantityKind and DimensionVector URIs verified. Expression identity is preserved rather than replaced by an algebraic equivalent.,http://qudt.org/vocab/unit/UNITLESS,multiplier=1.0; offset=0,MilliL^1=0.000001^1 × MilliL^-1=0.000001^-1; product = 1.0 one,true,https://www.bipm.org/en/publications/si-brochure/|https://www.nist.gov/pml/special-publication-811|current QUDT constituent multipliers at 6b8df6f429c45bc6fb0b25659d34f51954a148f9,The volume-to-volume expression follows current QUDT scaled volume-ratio units assigned to VolumeFraction.,unitForQuantityKind,Vector composition MilliL^1 (A0E0L3I0M0H0T0D0) + MilliL^-1 (A0E0L3I0M0H0T0D0) = A0E0L0I0M0H0T0D1; the vector exists locally and in published QUDT.,https://www.bipm.org/en/publications/si-brochure/|https://www.nist.gov/pml/special-publication-811/nist-guide-si-appendix-b8|current QUDT factor Units and quantitykind:VolumeFraction,"The synthesized description states only the factor expression, generic measurable kind, and conversion; it asserts no dataset-specific or ecological use.",Selected the generic or expression-specific current QUDT kind VolumeFraction; more specialized same-vector meanings were excluded because no source-variable context was supplied.,high,Exact qname is absent locally and published; human review should confirm label and symbol before submission.,Review as a new expression-preserving Unit reusing quantitykind:VolumeFraction and qkdv:A0E0L0I0M0H0T0D1.
unit-0066,MOL-PER-DAY,ready-for-review,http://qudt.org/vocab/unit/MOL-PER-DAY,http://qudt.org/vocab/quantitykind/MolarFlowRate,http://qudt.org/vocab/dimensionvector/A1E0L0I0M0H0T-1D0,"QUDT 6b8df6f4 aggregate graph query 2026-09-07: exact Unit URI absent; every factor Unit, quantitykind:MolarFlowRate, and qkdv:A1E0L0I0M0H0T-1D0 exists.",Live QUDT SPARQL 2026-09-07: exact Unit URI absent; reused QuantityKind and DimensionVector URIs verified. Expression identity is preserved rather than replaced by an algebraic equivalent.,http://qudt.org/vocab/unit/MOL-PER-SEC,multiplier=0.000011574074074074074074074074074074074074074074074074; offset=0,MOL^1=1.0^1 × DAY^-1=86400.0^-1; product = 0.000011574074074074074074074074074074074074074074074074 mole per second,true,https://www.bipm.org/en/publications/si-brochure/|https://www.nist.gov/pml/special-publication-811|current QUDT constituent multipliers at 6b8df6f429c45bc6fb0b25659d34f51954a148f9,Amount of substance divided by time follows current QUDT MOL-PER-SEC and its MolarFlowRate assignment.,unitForQuantityKind,Vector composition MOL^1 (A1E0L0I0M0H0T0D0) + DAY^-1 (A0E0L0I0M0H0T1D0) = A1E0L0I0M0H0T-1D0; the vector exists locally and in published QUDT.,https://www.bipm.org/en/publications/si-brochure/|https://www.nist.gov/pml/special-publication-811/nist-guide-si-appendix-b8|current QUDT factor Units and quantitykind:MolarFlowRate,"The synthesized description states only the factor expression, generic measurable kind, and conversion; it asserts no dataset-specific or ecological use.",Selected the generic or expression-specific current QUDT kind MolarFlowRate; more specialized same-vector meanings were excluded because no source-variable context was supplied.,high,Exact qname is absent locally and published; human review should confirm label and symbol before submission.,Review as a new expression-preserving Unit reusing quantitykind:MolarFlowRate and qkdv:A1E0L0I0M0H0T-1D0.
unit-0067,NanoMOL-PER-MIN,ready-for-review,http://qudt.org/vocab/unit/NanoMOL-PER-MIN,http://qudt.org/vocab/quantitykind/MolarFlowRate,http://qudt.org/vocab/dimensionvector/A1E0L0I0M0H0T-1D0,"QUDT 6b8df6f4 aggregate graph query 2026-09-07: exact Unit URI absent; every factor Unit, quantitykind:MolarFlowRate, and qkdv:A1E0L0I0M0H0T-1D0 exists.",Live QUDT SPARQL 2026-09-07: exact Unit URI absent; reused QuantityKind and DimensionVector URIs verified. Expression identity is preserved rather than replaced by an algebraic equivalent.,http://qudt.org/vocab/unit/MOL-PER-SEC,multiplier=0.000000000016666666666666666666666666666666666666666666666667; offset=0,NanoMOL^1=0.000000001^1 × MIN^-1=60.0^-1; product = 0.000000000016666666666666666666666666666666666666666666666667 mole per second,true,https://www.bipm.org/en/publications/si-brochure/|https://www.nist.gov/pml/special-publication-811|current QUDT constituent multipliers at 6b8df6f429c45bc6fb0b25659d34f51954a148f9,Amount of substance divided by time follows current QUDT MOL-PER-SEC and its MolarFlowRate assignment.,unitForQuantityKind,Vector composition NanoMOL^1 (A1E0L0I0M0H0T0D0) + MIN^-1 (A0E0L0I0M0H0T1D0) = A1E0L0I0M0H0T-1D0; the vector exists locally and in published QUDT.,https://www.bipm.org/en/publications/si-brochure/|https://www.nist.gov/pml/special-publication-811/nist-guide-si-appendix-b8|current QUDT factor Units and quantitykind:MolarFlowRate,"The synthesized description states only the factor expression, generic measurable kind, and conversion; it asserts no dataset-specific or ecological use.",Selected the generic or expression-specific current QUDT kind MolarFlowRate; more specialized same-vector meanings were excluded because no source-variable context was supplied.,high,Exact qname is absent locally and published; human review should confirm label and symbol before submission.,Review as a new expression-preserving Unit reusing quantitykind:MolarFlowRate and qkdv:A1E0L0I0M0H0T-1D0.
unit-0068,NanoMOL-PER-MOL,needs-clarification,,,http://qudt.org/vocab/dimensionvector/A0E0L0I0M0H0T0D1,QUDT 6b8df6f4 aggregate graph query 2026-09-07: exact Unit URI absent; constituent Units and qkdv:A0E0L0I0M0H0T0D1 verified. Current same-expression amount-ratio precedents are categorized as quantitykind:Unknown.,Live QUDT SPARQL 2026-09-07: exact Unit URI absent. No published semantic evidence resolves the missing measurement context.,http://qudt.org/vocab/unit/UNITLESS,multiplier=0.000000001 to one; offset=0,NanoMOL^1=0.000000001^1 × MOL^-1=1.0^-1; product = 0.000000001 one,true,https://www.bipm.org/en/publications/si-brochure/|current QUDT constituent multipliers at 6b8df6f429c45bc6fb0b25659d34f51954a148f9,No QuantityKind is asserted because the submitted expression and current QUDT do not distinguish the competing measurement meanings.,,Vector composition NanoMOL^1 (A1E0L0I0M0H0T0D0) + MOL^-1 (A1E0L0I0M0H0T0D0) = A0E0L0I0M0H0T0D1; the vector exists locally and in published QUDT.,Current QUDT factor and same-vector QuantityKind inventory|https://github.com/qudt/qudt-public-repo/wiki/Unit-Vocabulary-Submission-Guidelines,No Unit description or RDF is drafted until the semantic or conversion ambiguity is resolved.,MoleFraction and AmountOfSubstanceFraction were considered; current same-expression precedents remain Unknown and no mixture context was supplied.,low,"Amount/amount can represent mole fraction, amount-of-substance fraction, or another ratio. Current QUDT MOL-PER-MOL and MicroMOL-PER-MOL are categorized as Unknown, so dimensionality alone is not enough.","Confirm the source variable, measured numerator, denominator basis, and intended QuantityKind before drafting RDF."
unit-0069,NUM-PER-GM-MIN,needs-clarification,,,http://qudt.org/vocab/dimensionvector/A0E0L0I0M-1H0T-1D0,QUDT 6b8df6f4 aggregate graph query 2026-09-07: exact Unit URI absent; constituent Units and qkdv:A0E0L0I0M-1H0T-1D0 verified.,Live QUDT SPARQL 2026-09-07: exact Unit URI absent. No published semantic evidence resolves the missing measurement context.,http://qudt.org/vocab/unit/PER-KiloGM-SEC,multiplier=16.666666666666666666666666666666666666666666666667 to reciprocal kilogram second; offset=0,NUM^1=1.0^1 × GM^-1=0.001^-1 × MIN^-1=60.0^-1; product = 16.666666666666666666666666666666666666666666666667 reciprocal kilogram second,true,https://www.bipm.org/en/publications/si-brochure/|current QUDT constituent multipliers at 6b8df6f429c45bc6fb0b25659d34f51954a148f9,No QuantityKind is asserted because the submitted expression and current QUDT do not distinguish the competing measurement meanings.,,Vector composition NUM^1 (A0E0L0I0M0H0T0D1) + GM^-1 (A0E0L0I0M1H0T0D0) + MIN^-1 (A0E0L0I0M0H0T1D0) = A0E0L0I0M-1H0T-1D0; the vector exists locally and in published QUDT.,Current QUDT factor and same-vector QuantityKind inventory|https://github.com/qudt/qudt-public-repo/wiki/Unit-Vocabulary-Submission-Guidelines,No Unit description or RDF is drafted until the semantic or conversion ambiguity is resolved.,"Count, number of particles, population, count density, and event-rate interpretations were considered; none can be selected from the expression alone.",low,"NUM does not identify what is counted or whether the denominator is a sample, organism, event, or replicate; Count, NumberOfParticles, Population, density, and rate interpretations remain possible.","Confirm the source variable, measured numerator, denominator basis, and intended QuantityKind before drafting RDF."
unit-0070,NUM-PER-KiloM,needs-clarification,,,http://qudt.org/vocab/dimensionvector/A0E0L-1I0M0H0T0D0,QUDT 6b8df6f4 aggregate graph query 2026-09-07: exact Unit URI absent; constituent Units and qkdv:A0E0L-1I0M0H0T0D0 verified.,Live QUDT SPARQL 2026-09-07: exact Unit URI absent. No published semantic evidence resolves the missing measurement context.,http://qudt.org/vocab/unit/PER-M,multiplier=0.001 to reciprocal metre; offset=0,NUM^1=1.0^1 × KiloM^-1=1000.0^-1; product = 0.001 reciprocal metre,true,https://www.bipm.org/en/publications/si-brochure/|current QUDT constituent multipliers at 6b8df6f429c45bc6fb0b25659d34f51954a148f9,No QuantityKind is asserted because the submitted expression and current QUDT do not distinguish the competing measurement meanings.,,Vector composition NUM^1 (A0E0L0I0M0H0T0D1) + KiloM^-1 (A0E0L1I0M0H0T0D0) = A0E0L-1I0M0H0T0D0; the vector exists locally and in published QUDT.,Current QUDT factor and same-vector QuantityKind inventory|https://github.com/qudt/qudt-public-repo/wiki/Unit-Vocabulary-Submission-Guidelines,No Unit description or RDF is drafted until the semantic or conversion ambiguity is resolved.,"Count, number of particles, population, count density, and event-rate interpretations were considered; none can be selected from the expression alone.",low,"NUM does not identify what is counted or whether the denominator is a sample, organism, event, or replicate; Count, NumberOfParticles, Population, density, and rate interpretations remain possible.","Confirm the source variable, measured numerator, denominator basis, and intended QuantityKind before drafting RDF."
unit-0071,PicoMOL-PER-GM,ready-for-review,http://qudt.org/vocab/unit/PicoMOL-PER-GM,http://qudt.org/vocab/quantitykind/AmountOfSubstancePerMass,http://qudt.org/vocab/dimensionvector/A1E0L0I0M-1H0T0D0,"QUDT 6b8df6f4 aggregate graph query 2026-09-07: exact Unit URI absent; every factor Unit, quantitykind:AmountOfSubstancePerMass, and qkdv:A1E0L0I0M-1H0T0D0 exists.",Live QUDT SPARQL 2026-09-07: exact Unit URI absent; reused QuantityKind and DimensionVector URIs verified. Expression identity is preserved rather than replaced by an algebraic equivalent.,http://qudt.org/vocab/unit/MOL-PER-KiloGM,multiplier=0.000000001; offset=0,PicoMOL^1=0.000000000001^1 × GM^-1=0.001^-1; product = 0.000000001 mole per kilogram,true,https://www.bipm.org/en/publications/si-brochure/|https://www.nist.gov/pml/special-publication-811|current QUDT constituent multipliers at 6b8df6f429c45bc6fb0b25659d34f51954a148f9,Amount of substance divided by mass matches the current AmountOfSubstancePerMass kind.,unitForQuantityKind,Vector composition PicoMOL^1 (A1E0L0I0M0H0T0D0) + GM^-1 (A0E0L0I0M1H0T0D0) = A1E0L0I0M-1H0T0D0; the vector exists locally and in published QUDT.,https://www.bipm.org/en/publications/si-brochure/|https://www.nist.gov/pml/special-publication-811/nist-guide-si-appendix-b8|current QUDT factor Units and quantitykind:AmountOfSubstancePerMass,"The synthesized description states only the factor expression, generic measurable kind, and conversion; it asserts no dataset-specific or ecological use.",Selected the generic or expression-specific current QUDT kind AmountOfSubstancePerMass; more specialized same-vector meanings were excluded because no source-variable context was supplied.,high,Exact qname is absent locally and published; human review should confirm label and symbol before submission.,Review as a new expression-preserving Unit reusing quantitykind:AmountOfSubstancePerMass and qkdv:A1E0L0I0M-1H0T0D0.
unit-0072,PicoMOL-PER-MilliGM-MIN,needs-clarification,,,http://qudt.org/vocab/dimensionvector/A1E0L0I0M-1H0T-1D0,QUDT 6b8df6f4 aggregate graph query 2026-09-07: exact Unit URI absent; constituent Units and qkdv:A1E0L0I0M-1H0T-1D0 verified.,Live QUDT SPARQL 2026-09-07: exact Unit URI absent. No published semantic evidence resolves the missing measurement context.,,multiplier=0.000000016666666666666666666666666666666666666666666666667 to coherent mol kg^-1 s^-1; offset=0,PicoMOL^1=0.000000000001^1 × MilliGM^-1=0.000001^-1 × MIN^-1=60.0^-1; product = 0.000000016666666666666666666666666666666666666666666666667 the coherent SI unit,true,https://www.bipm.org/en/publications/si-brochure/|current QUDT constituent multipliers at 6b8df6f429c45bc6fb0b25659d34f51954a148f9,No QuantityKind is asserted because the submitted expression and current QUDT do not distinguish the competing measurement meanings.,,Vector composition PicoMOL^1 (A1E0L0I0M0H0T0D0) + MilliGM^-1 (A0E0L0I0M1H0T0D0) + MIN^-1 (A0E0L0I0M0H0T1D0) = A1E0L0I0M-1H0T-1D0; the vector exists locally and in published QUDT.,Current QUDT factor and same-vector QuantityKind inventory|https://github.com/qudt/qudt-public-repo/wiki/Unit-Vocabulary-Submission-Guidelines,No Unit description or RDF is drafted until the semantic or conversion ambiguity is resolved.,BiogeochemicalRate and process-specific amount rates were considered; both require substance and process context.,low,"An amount/mass/time expression can represent a biogeochemical process rate or another mass-normalized amount rate. The reacting substance, process, and denominator entity were not supplied.","Confirm the source variable, measured numerator, denominator basis, and intended QuantityKind before drafting RDF."
unit-0073,CentiM3-PER-CentiM3,existing-unit,http://qudt.org/vocab/unit/CentiM3-PER-CentiM3,http://qudt.org/vocab/quantitykind/VolumeFraction,http://qudt.org/vocab/dimensionvector/A0E0L0I0M0H0T0D1,QUDT 6b8df6f4 aggregate graph contains unit:CentiM3-PER-CentiM3. The exact submitted URI and expression are present.,Live QUDT SPARQL 2026-09-07 returns unit:CentiM3-PER-CentiM3. The exact submitted URI is published.,http://qudt.org/vocab/unit/UNITLESS,multiplier=1.0; offset=0,(0.01 m)^3 / (0.01 m)^3 = 1,true,Current local and published QUDT resource unit:CentiM3-PER-CentiM3|https://www.bipm.org/en/publications/si-brochure/|https://www.nist.gov/pml/special-publication-811/nist-guide-si-appendix-b8,Existing current QUDT assignment retained; this review does not remodel an existing resource.,unitForQuantityKind,Existing current QUDT resource declares qkdv:A0E0L0I0M0H0T0D1; local and published values agree.,Current local and published QUDT resource unit:CentiM3-PER-CentiM3,No new description is drafted for an existing canonical resource.,Existing-resource identity controls disposition; no new semantic assertion is made.,high,None; exact submitted resource exists locally and in the published graph.,Reuse unit:CentiM3-PER-CentiM3; do not emit a duplicate Unit.
unit-0074,GM-PER-HectoGM,existing-unit,http://qudt.org/vocab/unit/GM-PER-HectoGM,http://qudt.org/vocab/quantitykind/MassRatio,http://qudt.org/vocab/dimensionvector/A0E0L0I0M0H0T0D1,QUDT 6b8df6f4 aggregate graph contains unit:GM-PER-HectoGM. The exact submitted URI and expression are present.,Live QUDT SPARQL 2026-09-07 returns unit:GM-PER-HectoGM. The exact submitted URI is published.,http://qudt.org/vocab/unit/UNITLESS,multiplier=0.01; offset=0,0.001 kg / 0.1 kg = 0.01,true,Current local and published QUDT resource unit:GM-PER-HectoGM|https://www.bipm.org/en/publications/si-brochure/|https://www.nist.gov/pml/special-publication-811/nist-guide-si-appendix-b8,Existing current QUDT assignment retained; this review does not remodel an existing resource.,unitForQuantityKind,Existing current QUDT resource declares qkdv:A0E0L0I0M0H0T0D1; local and published values agree.,Current local and published QUDT resource unit:GM-PER-HectoGM,No new description is drafted for an existing canonical resource.,Existing-resource identity controls disposition; no new semantic assertion is made.,high,None; exact submitted resource exists locally and in the published graph.,Reuse unit:GM-PER-HectoGM; do not emit a duplicate Unit.
unit-0075,MilliGM-PER-MilliGM-DAY,needs-clarification,,,http://qudt.org/vocab/dimensionvector/A0E0L0I0M0H0T-1D0,QUDT 6b8df6f4 aggregate graph query 2026-09-07: exact Unit URI absent; constituent Units and qkdv:A0E0L0I0M0H0T-1D0 verified.,Live QUDT SPARQL 2026-09-07: exact Unit URI absent. No published semantic evidence resolves the missing measurement context.,http://qudt.org/vocab/unit/PER-SEC,multiplier=0.000011574074074074074074074074074074074074074074074074 to reciprocal second; offset=0,MilliGM^1=0.000001^1 × MilliGM^-1=0.000001^-1 × DAY^-1=86400.0^-1; product = 0.000011574074074074074074074074074074074074074074074074 reciprocal second,true,https://www.bipm.org/en/publications/si-brochure/|current QUDT constituent multipliers at 6b8df6f429c45bc6fb0b25659d34f51954a148f9,No QuantityKind is asserted because the submitted expression and current QUDT do not distinguish the competing measurement meanings.,,Vector composition MilliGM^1 (A0E0L0I0M1H0T0D0) + MilliGM^-1 (A0E0L0I0M1H0T0D0) + DAY^-1 (A0E0L0I0M0H0T1D0) = A0E0L0I0M0H0T-1D0; the vector exists locally and in published QUDT.,Current QUDT factor and same-vector QuantityKind inventory|https://github.com/qudt/qudt-public-repo/wiki/Unit-Vocabulary-Submission-Guidelines,No Unit description or RDF is drafted until the semantic or conversion ambiguity is resolved.,"MassSpecificBiogeochemicalRate, generic RateOfChange, and process-specific normalized rates were considered; all require a measurand and denominator context.",low,"A mass/mass/time expression can represent a mass-specific process rate, fractional change rate, or another normalized rate. The numerator measurand and denominator basis were not supplied.","Confirm the source variable, measured numerator, denominator basis, and intended QuantityKind before drafting RDF."
unit-0076,MilliMOL-PER-M3-MIN,ready-for-review,http://qudt.org/vocab/unit/MilliMOL-PER-M3-MIN,http://qudt.org/vocab/quantitykind/CatalyticActivityConcentration,http://qudt.org/vocab/dimensionvector/A1E0L-3I0M0H0T-1D0,"QUDT 6b8df6f4 aggregate graph query 2026-09-07: exact Unit URI absent; every factor Unit, quantitykind:CatalyticActivityConcentration, and qkdv:A1E0L-3I0M0H0T-1D0 exists.",Live QUDT SPARQL 2026-09-07: exact Unit URI absent; reused QuantityKind and DimensionVector URIs verified. Expression identity is preserved rather than replaced by an algebraic equivalent.,http://qudt.org/vocab/unit/MOL-PER-M3-SEC,multiplier=0.000016666666666666666666666666666666666666666666666667; offset=0,MilliMOL^1=0.001^1 × M^-3=1.0^-3 × MIN^-1=60.0^-1; product = 0.000016666666666666666666666666666666666666666666666667 mole per cubic metre second,true,https://www.bipm.org/en/publications/si-brochure/|https://www.nist.gov/pml/special-publication-811|current QUDT constituent multipliers at 6b8df6f429c45bc6fb0b25659d34f51954a148f9,Current QUDT assigns MOL-PER-M3-SEC and scaled amount-per-volume-time analogs to CatalyticActivityConcentration.,unitForQuantityKind,Vector composition MilliMOL^1 (A1E0L0I0M0H0T0D0) + M^-3 (A0E0L1I0M0H0T0D0) + MIN^-1 (A0E0L0I0M0H0T1D0) = A1E0L-3I0M0H0T-1D0; the vector exists locally and in published QUDT.,https://www.bipm.org/en/publications/si-brochure/|https://www.nist.gov/pml/special-publication-811/nist-guide-si-appendix-b8|current QUDT factor Units and quantitykind:CatalyticActivityConcentration,"The synthesized description states only the factor expression, generic measurable kind, and conversion; it asserts no dataset-specific or ecological use.",Selected the generic or expression-specific current QUDT kind CatalyticActivityConcentration; more specialized same-vector meanings were excluded because no source-variable context was supplied.,high,Exact qname is absent locally and published; human review should confirm label and symbol before submission.,Review as a new expression-preserving Unit reusing quantitykind:CatalyticActivityConcentration and qkdv:A1E0L-3I0M0H0T-1D0.
unit-0077,MilliMOL-PER-MOL-SEC,needs-clarification,,,http://qudt.org/vocab/dimensionvector/A0E0L0I0M0H0T-1D0,QUDT 6b8df6f4 aggregate graph query 2026-09-07: exact Unit URI absent; constituent Units and qkdv:A0E0L0I0M0H0T-1D0 verified.,Live QUDT SPARQL 2026-09-07: exact Unit URI absent. No published semantic evidence resolves the missing measurement context.,http://qudt.org/vocab/unit/PER-SEC,multiplier=0.001 to reciprocal second; offset=0,MilliMOL^1=0.001^1 × MOL^-1=1.0^-1 × SEC^-1=1.0^-1; product = 0.001 reciprocal second,true,https://www.bipm.org/en/publications/si-brochure/|current QUDT constituent multipliers at 6b8df6f429c45bc6fb0b25659d34f51954a148f9,No QuantityKind is asserted because the submitted expression and current QUDT do not distinguish the competing measurement meanings.,,Vector composition MilliMOL^1 (A1E0L0I0M0H0T0D0) + MOL^-1 (A1E0L0I0M0H0T0D0) + SEC^-1 (A0E0L0I0M0H0T1D0) = A0E0L0I0M0H0T-1D0; the vector exists locally and in published QUDT.,Current QUDT factor and same-vector QuantityKind inventory|https://github.com/qudt/qudt-public-repo/wiki/Unit-Vocabulary-Submission-Guidelines,No Unit description or RDF is drafted until the semantic or conversion ambiguity is resolved.,A mole-fraction rate and a normalized reaction rate were considered; current QUDT has no generic expression-specific kind and the source context is absent.,low,"Amount/amount/time can represent a mole-fraction rate, reaction progress normalized by amount, or another ratio rate; current QUDT has no generic matching QuantityKind.","Confirm the source variable, measured numerator, denominator basis, and intended QuantityKind before drafting RDF."
unit-0078,MOL-PER-L-ATM,ready-for-review,http://qudt.org/vocab/unit/MOL-PER-L-ATM,http://qudt.org/vocab/quantitykind/PressureBasedAmountOfSubstanceConcentration,http://qudt.org/vocab/dimensionvector/A1E0L-2I0M-1H0T2D0,"QUDT 6b8df6f4 aggregate graph query 2026-09-07: exact Unit URI absent; every factor Unit, quantitykind:PressureBasedAmountOfSubstanceConcentration, and qkdv:A1E0L-2I0M-1H0T2D0 exists.",Live QUDT SPARQL 2026-09-07: exact Unit URI absent; reused QuantityKind and DimensionVector URIs verified. Expression identity is preserved rather than replaced by an algebraic equivalent.,http://qudt.org/vocab/unit/MOL-PER-M3-PA,multiplier=0.0098692326671601283000246730816679003207500616827042; offset=0,MOL^1=1.0^1 × L^-1=0.001^-1 × ATM^-1=101325.0^-1; product = 0.0098692326671601283000246730816679003207500616827042 mole per cubic metre pascal,true,https://www.bipm.org/en/publications/si-brochure/|https://www.nist.gov/pml/special-publication-811|current QUDT constituent multipliers at 6b8df6f429c45bc6fb0b25659d34f51954a148f9,Amount of substance divided by volume and pressure matches the current pressure-based concentration kind.,unitForQuantityKind,Vector composition MOL^1 (A1E0L0I0M0H0T0D0) + L^-1 (A0E0L3I0M0H0T0D0) + ATM^-1 (A0E0L-1I0M1H0T-2D0) = A1E0L-2I0M-1H0T2D0; the vector exists locally and in published QUDT.,https://www.bipm.org/en/publications/si-brochure/|https://www.nist.gov/pml/special-publication-811/nist-guide-si-appendix-b8|current QUDT factor Units and quantitykind:PressureBasedAmountOfSubstanceConcentration,"The synthesized description states only the factor expression, generic measurable kind, and conversion; it asserts no dataset-specific or ecological use.",Selected the generic or expression-specific current QUDT kind PressureBasedAmountOfSubstanceConcentration; more specialized same-vector meanings were excluded because no source-variable context was supplied.,high,Exact qname is absent locally and published; human review should confirm label and symbol before submission.,Review as a new expression-preserving Unit reusing quantitykind:PressureBasedAmountOfSubstanceConcentration and qkdv:A1E0L-2I0M-1H0T2D0.
unit-0079,OZ-PER-AC,ready-for-review,http://qudt.org/vocab/unit/OZ-PER-AC,http://qudt.org/vocab/quantitykind/MassPerArea,http://qudt.org/vocab/dimensionvector/A0E0L-2I0M1H0T0D0,"QUDT 6b8df6f4 aggregate graph query 2026-09-07: exact Unit URI absent; every factor Unit, quantitykind:MassPerArea, and qkdv:A0E0L-2I0M1H0T0D0 exists.",Live QUDT SPARQL 2026-09-07: exact Unit URI absent; reused QuantityKind and DimensionVector URIs verified. Expression identity is preserved rather than replaced by an algebraic equivalent.,http://qudt.org/vocab/unit/KiloGM-PER-M2,multiplier=0.0000070053197262153502982651307614624207924061190434389; offset=0,OZ^1=0.028349523125^1 × AC^-1=4046.8564224^-1; product = 0.0000070053197262153502982651307614624207924061190434389 kilogram per square metre,true,https://www.bipm.org/en/publications/si-brochure/|https://www.nist.gov/pml/special-publication-811|current QUDT constituent multipliers at 6b8df6f429c45bc6fb0b25659d34f51954a148f9,Mass divided by area matches the current generic MassPerArea kind.,unitForQuantityKind,Vector composition OZ^1 (A0E0L0I0M1H0T0D0) + AC^-1 (A0E0L2I0M0H0T0D0) = A0E0L-2I0M1H0T0D0; the vector exists locally and in published QUDT.,https://www.bipm.org/en/publications/si-brochure/|https://www.nist.gov/pml/special-publication-811/nist-guide-si-appendix-b8|current QUDT factor Units and quantitykind:MassPerArea,"The synthesized description states only the factor expression, generic measurable kind, and conversion; it asserts no dataset-specific or ecological use.",Selected the generic or expression-specific current QUDT kind MassPerArea; more specialized same-vector meanings were excluded because no source-variable context was supplied.,high,Exact qname is absent locally and published; human review should confirm label and symbol before submission.,Review as a new expression-preserving Unit reusing quantitykind:MassPerArea and qkdv:A0E0L-2I0M1H0T0D0.
unit-0080,PPM-PER-HR,needs-clarification,,,http://qudt.org/vocab/dimensionvector/A0E0L0I0M0H0T-1D0,QUDT 6b8df6f4 aggregate graph query 2026-09-07: exact Unit URI absent; constituent Units and qkdv:A0E0L0I0M0H0T-1D0 verified.,Live QUDT SPARQL 2026-09-07: exact Unit URI absent. No published semantic evidence resolves the missing measurement context.,http://qudt.org/vocab/unit/PER-SEC,multiplier=0.00000000027777777777777777777777777777777777777777777777778 to reciprocal second; offset=0,PPM^1=0.000001^1 × HR^-1=3600.0^-1; product = 0.00000000027777777777777777777777777777777777777777777777778 reciprocal second,true,https://www.bipm.org/en/publications/si-brochure/|current QUDT constituent multipliers at 6b8df6f429c45bc6fb0b25659d34f51954a148f9,No QuantityKind is asserted because the submitted expression and current QUDT do not distinguish the competing measurement meanings.,,Vector composition PPM^1 (A0E0L0I0M0H0T0D1) + HR^-1 (A0E0L0I0M0H0T1D0) = A0E0L0I0M0H0T-1D0; the vector exists locally and in published QUDT.,Current QUDT factor and same-vector QuantityKind inventory|https://github.com/qudt/qudt-public-repo/wiki/Unit-Vocabulary-Submission-Guidelines,No Unit description or RDF is drafted until the semantic or conversion ambiguity is resolved.,"Mass fraction, mole fraction, volume fraction, and generic ratio-rate interpretations were considered; PPM alone does not choose among them.",low,"PPM does not state whether the proportion is mass, amount, volume, or another basis, and the measured rate of change is not supplied.","Confirm the source variable, measured numerator, denominator basis, and intended QuantityKind before drafting RDF."
unit-0081,PPM-PER-MIN,needs-clarification,,,http://qudt.org/vocab/dimensionvector/A0E0L0I0M0H0T-1D0,QUDT 6b8df6f4 aggregate graph query 2026-09-07: exact Unit URI absent; constituent Units and qkdv:A0E0L0I0M0H0T-1D0 verified.,Live QUDT SPARQL 2026-09-07: exact Unit URI absent. No published semantic evidence resolves the missing measurement context.,http://qudt.org/vocab/unit/PER-SEC,multiplier=0.000000016666666666666666666666666666666666666666666666667 to reciprocal second; offset=0,PPM^1=0.000001^1 × MIN^-1=60.0^-1; product = 0.000000016666666666666666666666666666666666666666666666667 reciprocal second,true,https://www.bipm.org/en/publications/si-brochure/|current QUDT constituent multipliers at 6b8df6f429c45bc6fb0b25659d34f51954a148f9,No QuantityKind is asserted because the submitted expression and current QUDT do not distinguish the competing measurement meanings.,,Vector composition PPM^1 (A0E0L0I0M0H0T0D1) + MIN^-1 (A0E0L0I0M0H0T1D0) = A0E0L0I0M0H0T-1D0; the vector exists locally and in published QUDT.,Current QUDT factor and same-vector QuantityKind inventory|https://github.com/qudt/qudt-public-repo/wiki/Unit-Vocabulary-Submission-Guidelines,No Unit description or RDF is drafted until the semantic or conversion ambiguity is resolved.,"Mass fraction, mole fraction, volume fraction, and generic ratio-rate interpretations were considered; PPM alone does not choose among them.",low,"PPM does not state whether the proportion is mass, amount, volume, or another basis, and the measured rate of change is not supplied.","Confirm the source variable, measured numerator, denominator basis, and intended QuantityKind before drafting RDF."
unit-0082,TON_US-PER-AC-FT,ready-for-review,http://qudt.org/vocab/unit/TON_US-PER-AC-FT,http://qudt.org/vocab/quantitykind/MassDensity,http://qudt.org/vocab/dimensionvector/A0E0L-3I0M1H0T0D0,"QUDT 6b8df6f4 aggregate graph query 2026-09-07: exact Unit URI absent; every factor Unit, quantitykind:MassDensity, and qkdv:A0E0L-3I0M1H0T0D0 exists.",Live QUDT SPARQL 2026-09-07: exact Unit URI absent; reused QuantityKind and DimensionVector URIs verified. Expression identity is preserved rather than replaced by an algebraic equivalent.,http://qudt.org/vocab/unit/KiloGM-PER-M3,multiplier=0.7354666379228714223900399749566845976279390071852; offset=0,TON_US^1=907.18474^1 × AC^-1=4046.8564224^-1 × FT^-1=0.3048^-1; product = 0.7354666379228714223900399749566845976279390071852 kilogram per cubic metre,true,https://www.bipm.org/en/publications/si-brochure/|https://www.nist.gov/pml/special-publication-811|current QUDT constituent multipliers at 6b8df6f429c45bc6fb0b25659d34f51954a148f9,Mass divided by the acre-foot volume matches the generic MassDensity kind.,unitForQuantityKind,Vector composition TON_US^1 (A0E0L0I0M1H0T0D0) + AC^-1 (A0E0L2I0M0H0T0D0) + FT^-1 (A0E0L1I0M0H0T0D0) = A0E0L-3I0M1H0T0D0; the vector exists locally and in published QUDT.,https://www.bipm.org/en/publications/si-brochure/|https://www.nist.gov/pml/special-publication-811/nist-guide-si-appendix-b8|current QUDT factor Units and quantitykind:MassDensity,"The synthesized description states only the factor expression, generic measurable kind, and conversion; it asserts no dataset-specific or ecological use.",Selected the generic or expression-specific current QUDT kind MassDensity; more specialized same-vector meanings were excluded because no source-variable context was supplied.,high,Exact qname is absent locally and published; human review should confirm label and symbol before submission.,Review as a new expression-preserving Unit reusing quantitykind:MassDensity and qkdv:A0E0L-3I0M1H0T0D0.
unit-0083,TON_US-PER-HA,ready-for-review,http://qudt.org/vocab/unit/TON_US-PER-HA,http://qudt.org/vocab/quantitykind/MassPerArea,http://qudt.org/vocab/dimensionvector/A0E0L-2I0M1H0T0D0,"QUDT 6b8df6f4 aggregate graph query 2026-09-07: exact Unit URI absent; every factor Unit, quantitykind:MassPerArea, and qkdv:A0E0L-2I0M1H0T0D0 exists.",Live QUDT SPARQL 2026-09-07: exact Unit URI absent; reused QuantityKind and DimensionVector URIs verified. Expression identity is preserved rather than replaced by an algebraic equivalent.,http://qudt.org/vocab/unit/KiloGM-PER-M2,multiplier=0.090718474; offset=0,TON_US^1=907.18474^1 × HA^-1=10000.0^-1; product = 0.090718474 kilogram per square metre,true,https://www.bipm.org/en/publications/si-brochure/|https://www.nist.gov/pml/special-publication-811|current QUDT constituent multipliers at 6b8df6f429c45bc6fb0b25659d34f51954a148f9,Mass divided by area matches the current generic MassPerArea kind.,unitForQuantityKind,Vector composition TON_US^1 (A0E0L0I0M1H0T0D0) + HA^-1 (A0E0L2I0M0H0T0D0) = A0E0L-2I0M1H0T0D0; the vector exists locally and in published QUDT.,https://www.bipm.org/en/publications/si-brochure/|https://www.nist.gov/pml/special-publication-811/nist-guide-si-appendix-b8|current QUDT factor Units and quantitykind:MassPerArea,"The synthesized description states only the factor expression, generic measurable kind, and conversion; it asserts no dataset-specific or ecological use.",Selected the generic or expression-specific current QUDT kind MassPerArea; more specialized same-vector meanings were excluded because no source-variable context was supplied.,high,Exact qname is absent locally and published; human review should confirm label and symbol before submission.,Review as a new expression-preserving Unit reusing quantitykind:MassPerArea and qkdv:A0E0L-2I0M1H0T0D0.
unit-0084,TONNE-PER-AC,ready-for-review,http://qudt.org/vocab/unit/TONNE-PER-AC,http://qudt.org/vocab/quantitykind/MassPerArea,http://qudt.org/vocab/dimensionvector/A0E0L-2I0M1H0T0D0,"QUDT 6b8df6f4 aggregate graph query 2026-09-07: exact Unit URI absent; every factor Unit, quantitykind:MassPerArea, and qkdv:A0E0L-2I0M1H0T0D0 exists.",Live QUDT SPARQL 2026-09-07: exact Unit URI absent; reused QuantityKind and DimensionVector URIs verified. Expression identity is preserved rather than replaced by an algebraic equivalent.,http://qudt.org/vocab/unit/KiloGM-PER-M2,multiplier=0.24710538146716534224824392919880626007553412923375; offset=0,TONNE^1=1000.0^1 × AC^-1=4046.8564224^-1; product = 0.24710538146716534224824392919880626007553412923375 kilogram per square metre,true,https://www.bipm.org/en/publications/si-brochure/|https://www.nist.gov/pml/special-publication-811|current QUDT constituent multipliers at 6b8df6f429c45bc6fb0b25659d34f51954a148f9,Mass divided by area matches the current generic MassPerArea kind.,unitForQuantityKind,Vector composition TONNE^1 (A0E0L0I0M1H0T0D0) + AC^-1 (A0E0L2I0M0H0T0D0) = A0E0L-2I0M1H0T0D0; the vector exists locally and in published QUDT.,https://www.bipm.org/en/publications/si-brochure/|https://www.nist.gov/pml/special-publication-811/nist-guide-si-appendix-b8|current QUDT factor Units and quantitykind:MassPerArea,"The synthesized description states only the factor expression, generic measurable kind, and conversion; it asserts no dataset-specific or ecological use.",Selected the generic or expression-specific current QUDT kind MassPerArea; more specialized same-vector meanings were excluded because no source-variable context was supplied.,high,Exact qname is absent locally and published; human review should confirm label and symbol before submission.,Review as a new expression-preserving Unit reusing quantitykind:MassPerArea and qkdv:A0E0L-2I0M1H0T0D0.
